02cef9e7b1f1faba8a4dcf7bcdc856f97694f77c,48,17,61,130.8,switch
620372316085dc6a107a41508a23020decf3991f,9,29,12,437.7,jcb
34c5d15e768688b1f04977021638818f98a3e27c,75,20,87,247.8,maestro
2f6e48fe9205aa91796f6df7d3747ca5a0cfc520,84,28,12,115.3,mastercard
7305f4056deda88aed0fea998cdcd7fc0eaa6b78,68,30,65,376.03,diners-club-enroute
8cfbac92c8919d5b0db2c728fd231a28e59ae699,63,18,98,266.75,visa-electron
bc5eb98500745e3f5fbeeac51a4e394381d317cd,54,15,69,153.72,instapayment
47e4a4669c0e63303256b3141e2fb6068ce962e8,76,9,74,278.51,visa-electron
c541c0a68bb98dfb2a70390f72b219f8b8b9ec9b,36,25,30,296.59,china-unionpay
eff2ddb0a407b1fe692e84fa533686f4b388e4ae,58,15,19,86.01,mastercard
65642131d4c6a683db88c3994794e02d9b1cb5eb,93,22,74,453.42,switch
a7ba1e490ebb5f228027a313e4473188e234fce8,2,3,56,362.5,jcb
46bf15a9789dadbcd3223206610aa9f93d139578,22,20,37,258.24,diners-club-carte-blanche
f67a7c6fc9d402ec01f3d1920ad1c03c65a5f02c,94,6,33,153.64,bankcard
2a20adb4f0f94f0d0e56544ac6a9651de9c58d15,17,16,5,128.87,mastercard
fd06904869118e895d3d64cc8896c5d80121ebba,31,16,93,195.25,jcb
fe153fdb05da8f745e4b0e7f6df3845b551d4b07,65,24,53,237.67,diners-club-us-ca
f61d1f0943003fb3a423f53077fbb05284bbbab8,96,18,72,460.5,jcb
f13a8125da7eed7d810e053071f3acc27a9b3018,9,13,77,295.5,jcb
568bd0f739f6561a11eb6a454f0cb51bd0a2495f,20,2,14,175.64,mastercard
db3e444d82da79ff56047c8ea6f8d0ccb7c35248,79,21,93,433.87,diners-club-us-ca
260918d5cb5191823f42ccaeddbe023cc8c6857d,47,28,28,488.55,americanexpress
a121f57af412187a0d337a4cc43859fa95be8b54,32,22,61,193.53,jcb
329921e9439d9bca9be785845b7538a28c1feaf4,51,13,35,331.76,jcb
dc14ac44ddd32d6e366c0b8188d4177203d49328,86,24,29,291.5,jcb
9caec30a42d7eec793f08fdf06ec0f03fcc9c7ac,15,8,94,409.98,jcb
e8f1a523e8675b6fc5376761d9c203ae667b3e48,5,15,39,428.75,maestro
e8af7b70f0245f8e81ae701f06c9f895b44ed092,98,11,75,492.31,visa-electron
b21e2fec5ef02975f810d824f862e3b78f36ec96,46,4,76,473.76,jcb
7cc14d1239db61ed9ea98ce99f536d9ab7edcfa9,53,25,20,242.97,visa-electron
dc06cbdc463dd192ea02d14b680fc9eee3cef76b,34,10,6,161.59,bankcard
84461abfa5452d6efe15007b66049975c27acee6,31,12,77,241.23,jcb
6fbbc7660b2547eb1ed4bc2bb7e02a507af690cf,91,30,86,447.72,diners-club-carte-blanche
1b20cafb87c33553453d54387cd0d257cecbc368,66,25,51,336.93,jcb
f1fd6589ce69654c60b2ca16e59e154cce6457b5,96,26,96,55.97,jcb
5f28809464a16a28c4dfec8201eef1ca7e926c89,2,29,50,97.67,jcb
c624bdf42b65db3571733b0944caa7e573c24c4c,81,15,2,499.75,americanexpress
3e6fd978b318d616b60da3cd1ace7a68208923e4,24,29,32,396.44,jcb
5b5cbf520b7d138d5c78a5d5b2e64bce36ac137f,42,10,45,328.04,jcb
9ba41fc3901145c1d9a234679665c754d0612020,60,1,62,462.71,jcb
7237155e2f12f47ca31750bee3324eb8bfbeb86b,32,8,48,73.21,jcb
be834e3e584b6badf0a3df79c485a12a5a410c8c,50,24,72,61.86,maestro
370c65f3703c98ba2c0f51e11d1396791cd7a69b,59,3,5,130.98,jcb
ef7fb5b5b1225c468dd2ccf9260fcccfe3ebf259,54,25,100,123.11,jcb
883ba7ffa7e899379187e598bb115717b26f0a3d,39,9,66,490.03,instapayment
2e059ebd0133c2d6f12310c67ad36ce02fe8287f,47,3,72,390.74,americanexpress
59103d327152b98119f87174a2b20f724f70144a,12,25,88,116.84,americanexpress
b938e1ef31abeec6be43d4b31539e23f22dcbca0,4,29,29,409.31,mastercard
11fe3786670994a837d0348a00a993f4d1995b3a,93,22,18,428.46,jcb
9eaaea0c40482335cd4b3373490923996f28b425,60,12,70,452.72,jcb
bdda56e2194d658e60e9d296e358b33956baac77,33,29,82,302.31,solo
d006aed6f1d6f62076c90d55f95b0f4870b05308,79,21,51,357.18,mastercard
1eb312611985bffe626dde2a6d1343414e97982f,29,12,3,320.73,solo
57bd6e88ebcead60fea0f46f8c5a5edfb3c7e6bf,70,2,40,199.85,jcb
0693f002099bc97e3ccdfb1195dd8265476a8480,44,27,87,167.0,jcb
7adcfec838ceb51668d58543ac71cd5c58a24409,40,14,94,394.57,maestro
cccb7eb59db9589a822d0c84bdf224a90edad94b,22,5,93,219.17,jcb
54614ccf37b03e4c28c4b1d008444c41d34e8fa6,81,11,23,373.71,mastercard
ab25874d4f4d3e81f6227b34ea5db28c4252b7e8,79,28,39,136.26,jcb
050f973612b96cc1bb4d6f3b098c75dcbe6371a6,13,17,62,209.78,diners-club-carte-blanche
11fa898aea1ebb906ca3a57ad3d15c35f6ec53ca,44,29,43,104.52,switch
5da43a63b1270eb6d75dc5d8ce03c84baf46f521,57,19,18,52.74,americanexpress
e852f53fa081b31efab2b68a6860cc560f057023,92,19,23,67.64,jcb
7f5da1c7154e56026f69d1ed76a12c9c02fffa70,45,1,10,273.01,mastercard
1c3a4f75dbc5314331266f088b1da3b31ef08870,47,27,11,215.04,mastercard
1b2296fc78fb482b380528bd8b50be5b7cc579e4,48,23,61,184.99,jcb
7ecf2fef263d34198c74294d99b9c57691463eb9,85,20,65,249.33,jcb
a57b0d63331aa12b273abf771c086c0087df6367,71,4,66,287.4,china-unionpay
63bcdba719ccd868804d29f3e09bb014feb8548b,41,13,47,168.17,maestro
8dc8ca7adbdb321a955abc6c2efa7c94415ec147,24,4,88,380.09,maestro
a5ca578590f6e3f0aa28b2855b1e9ee34d7c1683,39,2,82,176.97,mastercard
3c2f7e5741aa12caae9a0afe23ed834cf2fdf52c,76,27,34,315.45,mastercard
7aa26061f140b91339296a3bb8a472974aa8b4fb,46,3,86,154.1,switch
4d561bcbbebe061f6c50ef8935d079537fa41ce6,8,11,38,252.57,visa
3c6d7570ee9b39899e7a58af5dfe37f2c0e09ba5,36,8,51,72.76,mastercard
4dcf8ff3018d9662b2cbe74f05051366e29c6a0b,22,7,62,337.07,jcb
e53c6f162c48648421c7f0cd41fa352d563e1d8d,65,23,94,222.49,jcb
627bc24db44f0a44280cd8b1ee938ef3849a3bfd,3,28,72,379.24,maestro
5f785af6099f784d915d85d8c08f0821ffaeea01,48,23,51,113.23,jcb
552368c96f715df5a52d9a26840d625b60c866b4,41,17,26,386.39,jcb
80cf6bb888f067a96e26bccbc8bc4efeb1e58567,39,3,80,201.4,switch
dfe4bed98a6a76368a01c8b65c8651963dcb75d6,90,30,14,390.03,jcb
ac1741ff6baf762584cb6fff71fdf5ed8915b5f5,23,15,52,208.76,jcb
3f342cd09fc26f0f3a6056d5514e5af7d7cd7a1d,77,10,4,55.21,visa-electron
6b23624f968283013ae4d233438f9b3af49c73c8,81,10,6,178.43,visa-electron
66e688a3b00b506122c9e127bbf987bae5c46dd6,4,27,29,108.07,jcb
69a390a31a8917e83577b44013cabb99f1f80f2e,53,16,18,135.82,maestro
0caa62f5ea86a057b111ff68bb68e4abae0ee971,79,19,55,118.26,jcb
24ca827aec61034cb1d3f761d4a88c5f24b61fd6,55,23,34,75.47,mastercard
0a37a23af56c656232b870e7e5d929f5ec30a75e,94,15,65,311.7,maestro
93d1d119ca0db9764a810877213a344c29012558,46,5,8,271.75,diners-club-carte-blanche
1bcbcece4f8e9e360a587e6b876a76690e11cd51,4,13,68,361.81,laser
78c203211f2ce8844fa03a1ccccf018dbb14cbfa,41,24,5,81.44,jcb
68063f887278c0ad5a68337a5bb69701b401ebd2,1,24,50,230.53,jcb
95a9582e18448f1c9d22f423d56f4d4a3ee249d9,51,2,41,143.4,jcb
45f19ce017aa8da7116c3f824821497fbc5a9db9,61,15,23,300.04,jcb
b7afb86caadef00cb8734966ddffa08efcce5d8b,28,7,73,463.85,visa-electron
c2f19f9907c01fea885e0a7b406f8e5f3892a52e,45,11,70,104.6,visa
7a0c2ba801d50160186fbd7a13791253fe6f4cfb,81,13,6,291.53,mastercard
bf4688bd853a18da618534aac05d155a4570e455,88,2,87,311.27,jcb
bc1fd4641929130e36e84c1de49d0e3aef72efbd,29,6,77,169.34,china-unionpay
12a8c7a0be1e67c23a2d4abd7633d8809c899282,59,10,20,385.5,switch
c226d60f19a5f675fa5e3274a38c765baa95a40f,19,2,62,331.55,jcb
811e8c7ce6a5fcd1e11f49af89ce857cc5ef9e66,35,24,32,390.17,jcb
fd0577e016075a351160b7b9b73b813ef6c422b8,73,1,45,189.21,diners-club-us-ca
c997bdf439295283d351a7973c8d6ae524e896ca,3,29,97,409.9,visa-electron
db8326f35d3023583c9f088c11383a79689f9a68,91,30,37,394.9,bankcard
4d2fb03c595285815d9d558b6002a25ce6f9d2f4,38,10,25,436.78,jcb
6819f0b6274b3c49ef9e6077070d93d929712912,79,19,54,75.99,jcb
9930af8f1aae50c20705f90ffee4cb2a7952d78b,51,21,80,92.83,maestro
268deadf4de289f73ba4fa995b37487ebeab6282,23,27,68,262.3,jcb
76070733264060d8d6b7d0a4dec27c09aad25249,75,18,35,370.81,jcb
18f2b188dfc767e5e10f0dda96b533aa435e63e7,69,1,25,169.52,visa-electron
ec1eb53de6dfae22ba9cd945103905eeae324ae4,96,3,82,264.6,switch
d0f0a43d49ae9ffb1091db198ee5e89fb8bb3fef,74,6,21,493.32,diners-club-carte-blanche
33a23fba785101f4e0ba762ee1ef63f11f429c90,69,4,99,323.15,jcb
bf9e777c7f8d593726b8a4d4284dec68a0383546,69,23,58,469.99,americanexpress
e84835cf454d4adb342fc35dce4165073dd1b8e9,95,22,72,212.6,china-unionpay
85835ba58b7d31432873e47cd8a2386711607738,19,6,96,168.0,americanexpress
f2d40076198bd03cea5b64aba18d8fbeefc31e3c,32,1,6,337.1,jcb
6d1442c289822626ccc13a8eeb6eedf4a6588332,23,27,89,428.53,visa
4356ca2fe476c964e47f8fbecb90f82ecfea0e31,83,23,75,419.91,switch
31f6dc4d49dc5f3720451e937bf40b787e023e5b,50,1,99,122.5,instapayment
6364c86ae0d633dfabc99d778bf74b380cbf55ed,31,5,88,499.51,switch
dc81bac086027de0c628167493b07a4312bf2f68,29,22,19,179.05,maestro
8ae1bec36f3023af8c21eea6b60fd7a6b822ff78,28,23,8,258.1,jcb
427371bc8e591b17bba66165b1650a190b087d2c,45,6,5,273.7,mastercard
f059e04a8872e26022be6569d0e8a260f8d722d3,67,15,44,149.97,jcb
87ac91c85eb34e769be125cc305b255ce3da44bc,59,15,15,109.06,maestro
bccd0d741ee1380b3bc9fc4d4181fe8353f3d490,44,15,89,314.79,bankcard
5d4f835415c5c56a1e73b59fa956f0a5d9aeb3b5,63,12,10,339.85,switch
9efe285e35ff6cca8fdc90f64ca120b00cd6c8c7,79,20,57,297.59,mastercard
34f5d4b8604b4a75eb9f29e1ebcbf8da0c18a225,45,26,86,171.52,mastercard
b6b4f48f5f79ca0696bd077cdcec45ca9ee37450,43,30,21,403.19,jcb
79342f17f23d6bdc346335c8a6465af422cde984,66,26,86,242.53,jcb
6feb0aeda010492f8227099e3949204dfe087a44,85,19,91,53.36,diners-club-us-ca
29d22ac52ff21b1ec5703818ef601909974113b0,81,28,51,246.68,mastercard
aad89c5c44cdfc2e8647c19288a3f600b76b9296,97,19,60,478.33,jcb
5b2152cfcf67cbcdf4b7fd3d53e7104180831452,1,7,51,385.37,bankcard
cb8806fdda13eecdabb1289206d4728afba27807,71,22,14,449.29,mastercard
4597798db89a6bcad4b676f984dabf55dbdc7d06,92,7,20,442.35,diners-club-carte-blanche
2aad57d1bd1976cb55346770890f9aa31bf4c439,19,13,67,444.81,maestro
5bdc7c8ba8caa9b0ed44c1d762d2cab7e8738e53,26,3,93,101.04,americanexpress
ba12986b8e418333a77988e9ab579076f25672d0,20,11,81,163.29,americanexpress
a713135f039bc888f268c5b4f68f0890633589a3,24,4,31,138.0,jcb
4ee4f259419eba5e27ce65c0d161709b563be172,33,15,55,414.03,diners-club-carte-blanche
97f4eb2c2ada18732c25ae3d655e7fe28e353130,65,2,86,256.84,bankcard
7b3a736ff607737b8b483e23ec24e499cc7f1cba,9,12,48,143.76,jcb
7c6d54bbe42ee5d2f09d6ef6dc0c7f6690b7c4c1,12,19,68,345.94,bankcard
95b5ecfe1616d257ec1d35b53cdcf39b3aedb267,29,7,16,341.64,jcb
adfd05bdd88c0d9664d640a3b7a5596820854134,16,26,97,332.34,jcb
352b097edea44f4e2844758a649e530303c071f3,66,13,54,491.92,jcb
31fa15d596f32f236532655a2da13d3f5bb51523,57,16,37,145.14,jcb
5ec0f1f131e150dc25da7c91d976a73c07dc4b89,85,13,29,52.37,jcb
b172acdeb55fcbead28647215d22daaffca62931,71,2,17,395.23,switch
db164b612d4f5ffd1ebabfd1c69c3a511c428f0a,33,28,36,452.87,visa
56a7c56e2716ac12a47ce64aca81576009f8bc6d,55,13,16,403.81,maestro
f23b2c9c6943710459d5e8df6088e524f5f21f23,89,30,7,396.03,china-unionpay
197717d013101034a8debcc127199a78df111e79,82,8,51,230.46,maestro
be5a38e7b52b13b2a6b95ccaec9a5011588c1b8d,30,5,59,89.52,maestro
a7c3b4feda9b9babdaeca3041e5a57e416279e01,2,29,80,216.22,visa-electron
7fd1ed856e356fbcd738f5d22117f8ab0950515b,95,29,99,482.28,jcb
f32db8286404b0106ca6029093d0a792d8006187,66,19,75,403.63,china-unionpay
81c70205e1d38dc79116c4daca29baaa83bf649f,94,30,83,266.18,jcb
0f34bf458fbc30e68cfe43b7e9961d74ad5b2813,64,12,53,103.5,mastercard
aa7289a762a0d9a31f32abcf3636b3a8f4ed843c,39,11,27,399.84,diners-club-carte-blanche
d7da6507faca921e050150b3f17fa8be548d95cd,16,16,15,412.96,diners-club-enroute
6243a30def8a1556c4113eca50b4ad785d4fa70a,30,15,48,165.58,laser
c8d6c4f377c10318540ebfba22aaae1f2edb9c70,55,8,73,81.17,mastercard
d40ce8d0e74c1d0a6b4705007a1858ffd5d32088,43,27,26,478.37,maestro
de9323812dd73c90e9aebc1f1e839ded991a8d33,2,10,100,402.48,visa-electron
3f12de788da5f955843a620fdf02901771a91062,33,30,45,219.0,jcb
10eefb77a2a59ab5cf7d1572b6940726f539ed13,67,4,63,230.06,china-unionpay
419bc6624e6b246ac0873f68a9eca65650cf2bc0,19,26,51,282.8,maestro
7a7425b79a34653425934ee42ff7555ffa5e327d,20,15,94,476.59,maestro
bfbeb5ecf721ecdc80e5b14773fab6261725de83,33,6,1,495.7,jcb
08cc37da891322d0e0b700df93506f08e9eeadca,60,26,21,97.95,switch
19dba1e5d3bb5de97326ecb4008ecf4c36c53529,3,8,19,310.29,jcb
edfc15a15b67729283876882f0729f5031d4a725,40,6,8,479.38,switch
ea02b37a997909ef750db058be01dc5717bda52c,43,23,34,269.05,mastercard
7798ead25c9323638aa30c160ec2fc38fb625f36,68,8,46,278.02,jcb
cdd2cdeae46816c8d1b81048997de31fa784f6b1,100,17,58,499.89,jcb
fc614e3b21a8eff626faca24e8a6a4c6bba207e1,24,1,53,322.23,jcb
3123f66858950ebfa02640eed37741c9daab05fc,95,19,77,52.16,jcb
a5ffdfa0224256c4632e23382655528339b1d94a,54,21,69,322.11,jcb
a4f060688da2f6cf710c81fb6b691538824e06ae,20,21,6,317.28,diners-club-carte-blanche
745277b15e33ec3720cfc0ec19c7fadce50521b5,7,11,47,184.85,instapayment
cba8b2ad1284b0b078209455314f66c28a36ca79,83,30,95,416.11,americanexpress
82390f612abd0617fd4d797edda93084fb8334d2,99,6,3,282.51,maestro
4d4e54764280966cddba44a2ea864ec3b38a29a7,54,30,33,66.54,jcb
10a2ddc6d7733744cbbd03fa3ba988e4af914e42,84,18,63,489.44,mastercard
ab4cdd6ca915d6c11a6d31d72c8f7eaa273fdaab,66,9,26,222.07,jcb
a774b752733a1ab250f059a6d46f640749e65d51,32,17,71,122.8,diners-club-enroute
30a932ef53757c387bdd79e882771c1974431775,95,21,86,137.54,jcb
1abe66275bc552415a2fa9f6ce394001a097fd2a,6,17,37,454.48,china-unionpay
3316e7ba772db0f09894e8f5b32f7a6b3573504d,36,30,73,331.99,maestro
d7ac00a9c25a511c2027407617a3f35e2bc845eb,52,16,57,323.97,jcb
ae1db9d9b42e330379e799db79c9d34952780ecd,94,3,7,226.38,jcb
aa8eec714db5b6058046e99a1f3d4eee3bc2fa1c,25,15,7,171.71,diners-club-carte-blanche
ccb3943877e9913d13f42dfcf9b72c6578037bed,32,8,18,61.5,china-unionpay
541ecc7f379bc039028caeb5f41535c11d58bbd5,26,6,16,184.37,laser
4f670c6a042336d7990cda751a0fbc6281677ad1,8,6,35,309.81,jcb
506884eb192f32b0e7d5cff49f869c7f17a2bde0,23,9,13,256.68,jcb
54d6fb3ab323319f615ed4937d6b3e83f98a801b,83,21,18,384.85,jcb
81d2cfbea5ca3884273636957713d57359c00c4e,100,29,34,78.18,visa
38985e5347a50824bf6f5f3829206b3e97d59371,73,13,53,175.2,visa-electron
161b889c61fd3e227024e57a458a81395ff14d0f,71,10,93,126.06,jcb
e141469fa911af7e855e99b9ae3a9b1ef0e5ae9c,48,3,49,442.95,jcb
69d2ef402782a3c2bc68d61a2540e91a78109b29,100,3,16,63.41,diners-club-enroute
c57dc4a10d3cb8156b5adaca8e7ec2fa81d6dace,49,19,83,497.84,instapayment
922b18c6dd31dc11b80c009f5902f57b1484a2f4,2,30,24,195.31,diners-club-enroute
556ecd14990aa7af5bdaf3668f5fbc9a8457751a,15,11,6,389.41,china-unionpay
c65ccf30433d794ad7af12ea9dfed33acb2cc101,100,6,18,440.1,mastercard
e438a1b262364f97b373910fe4aabe192ca9e183,11,16,92,75.53,visa
e8421dac08d083921a31f8c69d61694be9929a86,55,26,14,229.33,jcb
bbd9d2755ac452e4fb42ff615b9ebb6373ff9ae7,58,27,53,77.86,laser
1eb70635845e0df7292126ae63e6e8a0ab1056fa,87,17,68,254.02,jcb
d32625bc2eb552e48ddf88d420775f3547ee0403,24,25,83,74.03,mastercard
1ac3e10d44d405db11aebb8e05a9e99392fe11c5,27,3,24,347.67,switch
60ff0ff92fb8b4d07b44a6c86ed3a98000cf0200,83,17,65,158.01,visa-electron
73eea783a04b1541e78cea563ffc0082f95cd7cc,18,5,12,306.05,visa
ca7d3f89912892dac6483b6cb863ed5473b98f9d,37,11,14,167.51,jcb
1036bf0d8f9bfcf86d028dacf0782d3df4cbb893,75,7,55,329.13,jcb
4d55c8a89edbc196107aa95171abfc1e555dc0e1,13,13,53,113.48,visa-electron
1d7e2cc6090b0898b27edb9d1a9bdbe689d8909f,73,13,63,246.99,mastercard
92160563d612221f29e34481a8337740de7008a3,10,26,23,228.81,jcb
cd7b4890eee135a0864d24454c135a311e62b183,50,15,10,453.09,switch
b41e48290c485fa6adda8a1ce9704b15f1ca5956,54,27,20,203.62,china-unionpay
e13efeb8554b85062e359089bdfb7080c74c0230,34,18,70,221.91,jcb
7626cc47ba0ba38dac91903c0f6ea0754afe4d81,23,23,87,497.69,jcb
f0bd9f86208faf8c16011796b7d714f8017f62b0,90,7,99,295.65,mastercard
850d46526deb92b1b5a8d17c6ea9d1ad2a46f907,82,5,84,336.85,jcb
8de40c95c525ce6968535cb2a267b8ca62fd627a,78,21,54,411.4,maestro
6e14315e9582d49dd91c14ddeb39516e065af17f,52,20,27,230.88,jcb
72a61f45d0caf12bc0b3fcfc9cb7b0dd29554c49,22,24,40,347.81,jcb
1810f013d1f5fad8ac4fd2599f2e73b3f6d2107d,79,30,69,454.82,mastercard
6a9220ae88cdffb8d8625eeeb001592151cedc9e,88,15,55,196.78,jcb
ca3b60cca666adfa6003b002ae3fe01de75b16e8,69,5,47,456.02,jcb
75f16b1371fa86cd5f008e49517464a5a2e0d44d,77,20,92,193.14,jcb
b723a991dd8122f3d4cdf3446ccabecf16f6aba5,68,26,50,97.39,jcb
53440d6a5a977312800e6a1b05be83435379ff2f,63,28,29,159.36,jcb
b94384e2bfa8bc75fd685fc5c13bed44481084ac,41,8,49,147.83,mastercard
3eb902fb0042ab8bf04c91ce9d74ba52e2a8d697,57,18,48,440.96,jcb
50907b71772547196ba1bc53d17e775b94cf9e99,88,19,40,423.52,visa-electron
863a7cd431417903e8c973b1aa8962ea4ac8d089,14,14,74,101.79,maestro
bb549afb60af765194dd283a6e5857570ed25c2d,96,5,84,270.15,switch
cf4ab9f4521e344bbb57ecf5fc0e2cc978cfce95,13,29,62,311.65,diners-club-us-ca
35c563499354b768f5726aff7726c475ad14d3d3,42,2,34,371.2,jcb
6e45458c6d03a9e396b3614d7400a4627c3dd9d3,31,10,7,321.52,americanexpress
bb0d9b8ee8686dff73edc5cbe7e2cd5fc1fc4891,72,1,69,408.21,jcb
bfbdb831ba803929edea59a74e6fbf67ba9d3ac5,5,3,7,210.47,china-unionpay
27faab2f01bd72c345803329ef081665f01cf06e,56,11,63,283.77,bankcard
247ca4d68c2050b2ec0a0e5472d0debb60d54d81,85,3,84,323.31,jcb
6d1ad05c3d1047a2adb2195bd057119d6e365c65,43,9,65,210.45,jcb
5362b957726536f1b8437b96471ba9c00db4b8db,70,27,54,434.41,mastercard
1e90bc651f4e28cc789838912813f5c1d7897e70,51,23,97,456.14,americanexpress
ebca1f4259ade37881f87a3ee8c10bebf1c2108e,32,21,52,125.67,jcb
5b4281a2d4fd16104ff54847bace0cd8dfd4a813,91,26,21,145.13,solo
db4a1db48e850b01c967be72dea6512454bb17ea,47,25,82,357.53,visa-electron
d42439d8baae39ef5f78be42725320dfa82c7645,56,23,93,59.53,jcb
c7d78df7a4dc6242063abe10f23a4c104b6a39af,45,5,10,320.98,jcb
1305a82e3dcc18fa721f7c61ff32c396943a1af5,47,16,77,284.14,diners-club-enroute
64f6b1426d8ad91a8425470379a7c98e5f812e5a,62,23,89,217.79,visa
4c2598b2d322c13124a8bc02f00035380337e59c,4,22,16,367.5,instapayment
60f362879514f151da51e75e3fd4b2fbcc776630,62,7,88,461.32,maestro
422b3ec381fd9ae7a3200d4bb27f806baec13a06,74,7,39,421.41,visa-electron
17ccd2eebe25425ebca9eecac6926ad910486e5b,96,30,82,495.47,jcb
96bb09489ca2cbe395d41c00d66bc6a7c138a3c4,55,12,46,476.69,jcb
faac2a2eb37fcb93bf4af468f56cf6811cfa59e9,30,6,63,283.67,diners-club-enroute
1faf89d9c24c0bc62da02023a31a6ef18df509f0,66,19,87,317.28,jcb
25b7336e0390e15526f0ee293ec92dd9df113fec,80,23,70,332.94,switch
5f5dd74c13104e68d9b6849c4164df60526047fd,16,17,49,131.18,bankcard
547862d6d4f6681610d75360f88203d7d4ae943c,22,10,22,204.09,jcb
7c36af60ecaf94afb960a2d9272f4da5c78acaa3,98,30,19,437.29,visa-electron
184c9d0d612e512b5d099c8f4e98b73ffccb50cd,20,9,79,498.4,jcb
b1b2d4dd96c6b75373be8b5ed020a950073d798a,28,27,44,366.1,jcb
356a8a7f1144a040257fe9b562952a0933810aa6,96,27,24,429.09,switch
4f8c4aca55e212b0a4d29e67e5d5ef5b62d73ae8,14,15,98,52.46,jcb
4f61318c4eaf170da058487856d66c4e19dbf081,57,3,33,187.51,switch
c9aed9f32775b1dcbf61de7853135bb52c842e42,45,29,37,234.72,switch
4e7ddbe82ed18ecd980609e5f451fc3bc00ea32b,41,1,66,109.42,jcb
19c9d9014d9363e2dcca292bd984e4f94ea0c725,44,24,34,128.15,jcb
acceba693d28a3116cb0df819053c2fb418fd7bf,97,1,5,87.52,jcb
695dfb35863ab624626df53ac1774b88b80f9d0b,36,5,28,216.45,mastercard
4101bad35fd9a2b17a90b261cededd74d202c51e,7,22,10,55.22,diners-club-enroute
42e1b75cccc2958acc8c37949d7fea2068fee065,7,26,33,306.97,diners-club-enroute
f6547c4e7c2b9094f1e3ec624386d7ca0ab053b2,46,11,1,488.93,jcb
f7a69fbe9a03ec328304da4fe522f144a4c45f58,40,4,56,327.74,instapayment
e3a514f7ad0dab0eceb491370c4ad6eb8c906490,42,6,11,219.35,mastercard
7859591782e7ab1f86961c7a6eb81938b9b87199,70,24,83,103.54,jcb
6c81636938cfbb0955d9b78073cea9af3de83f5d,86,2,62,132.21,jcb
a53cf4fa3ed7161e19a9b7e4535761f0a865bd10,10,15,26,86.61,mastercard
0ffecfc4709c0c4cfd7b203477f42f80a1a5c3aa,6,24,80,213.86,china-unionpay
1d06020d10464fb23caa07c6196236eb90fadded,83,15,88,74.58,jcb
7d29aa128e11e12610b081fe73031997b85c576a,63,10,43,312.73,jcb
cc435b221dfafc47067f73541b9e640a758e7573,26,30,75,183.5,solo
108b2b27f642d6d898523b0423a0c601fd4f2bbc,86,30,98,315.83,americanexpress
bc77492925d129395ecf887c0c5d59d9a43678d3,72,26,76,73.76,jcb
1fd1af610a117ab8fe290fcb4448d9f9c82d6870,14,10,40,280.42,jcb
7a13a6e5b23cf09314d0267c9df4a614bebfb616,67,30,41,200.03,visa-electron
d9953d9444932df591a95d15bf7da99328f818b6,37,30,29,281.22,mastercard
ca2ea977fdb8c6632adbcb496b6deaf06a39ba1d,21,17,55,474.49,maestro
4872eae8783157bc46d89e13c5325feb7178c6a7,84,28,36,291.5,jcb
e6f92aae2ca5906b6fa0161755fb43a3cfba3d21,76,6,21,496.8,bankcard
5977420a070372dd862cec92f50408b17f319fcf,9,5,55,234.32,visa-electron
c632ef404e2ea4c11fb946af979a49dc46e8fcab,18,1,76,396.24,americanexpress
3f3ad76c1bd55267709fe7f43a3fdd1e6d2b1500,57,25,39,354.56,jcb
59b088ae0726e06cd617c9869c19d94d12f187f8,96,17,18,108.25,jcb
edba73325f7b841960ec02342b34bebcdd6c90fa,5,22,85,318.2,mastercard
e64d5bc3ab2e819724208d0ef32bb6126c5c67f0,13,7,88,420.12,jcb
172c9b4a6c8f45548a91fe0330cc1d4bb85efd1c,71,9,42,412.52,mastercard
b6782a8f1fdf22180620e675fce651cb846a6b83,2,25,60,238.45,jcb
d7d02366e0010e1eb93560f7488ad7e9d7b0273c,2,6,82,438.83,maestro
202d10d86298355beb63bd42f29825072f8efed7,19,13,92,108.63,instapayment
9a9d1fa6e307f5170db9045a4428407861fdb0dd,53,21,65,445.75,maestro
10b4f0dc803156ee13ef22d4e4869cccb9609512,16,10,97,184.03,jcb
8ec6868be188e7356b6f58e0883a9e045fc36c1b,59,22,44,449.16,jcb
618c6c2ce116f009426ee3d7234d68b580346e9d,3,2,7,219.57,maestro
c80eb0a4320cb89a673348285de084f797aee984,86,9,56,340.75,bankcard
60408057ffd7a4fdd3158e6c1d62774f06b193a1,32,28,48,299.33,china-unionpay
8f8c7a3b81a85d824bbb0b3c693a452391c59659,93,4,54,134.39,diners-club-us-ca
24e7e8baea1173836a96df761431ac560cad6c08,67,5,18,169.54,mastercard
42e2b445f091f4daded2ec8299d03552923d176d,6,9,12,444.16,china-unionpay
f477904ce7d01d91e730083e2ca55034e876e03b,9,26,17,432.67,jcb
f9cf75ada778246f0d679d6d4baf95876d10b201,66,11,54,445.95,diners-club-carte-blanche
577c0d69052703537fcae4185d744209e0ece960,12,27,55,211.75,switch
704898f67672863b13e24c839a7d60bbd908db5e,27,8,71,181.14,jcb
e270ba65b17bb58311cb6e3633da3e0fd709e60f,4,1,87,128.19,bankcard
c2838c06b3c05e0c10c8172b159a4ef96a359cae,76,21,17,254.64,visa-electron
c0c751c193354c20cf400def8965d86a24796e5e,10,19,71,270.18,jcb
69e2f60f0aa4e7e59058a119689fe262dedc8394,28,11,72,393.81,mastercard
34d6dd63d5eac82859766d1a0a5f9c01eabb81ba,84,28,30,460.18,jcb
3f9449693fb04db6acdbdad4018612550aa6288e,30,7,20,463.93,diners-club-carte-blanche
09a8f5fee90ebee3dc008c8065dd8fe17875833c,77,16,94,226.43,jcb
fa6e9adfa4514566cfcef2aafbf03da890fc3add,68,5,95,59.13,maestro
c0cc81ace3664333edb44636bdeb8fc7d2e03dc7,17,22,91,229.29,americanexpress
3fce5c67d19a67cae960559b85f76657e240c93b,100,25,56,479.81,china-unionpay
91186fa82d4e36478a4ab726fa2933e3fa0db4cb,78,22,71,341.26,jcb
6a0042473a71b18a89fbbae752d774f4d3833eeb,67,20,19,293.66,diners-club-enroute
ced4fcbafa26e6972bb30ecd6caf9be4e9133d9d,8,6,11,243.42,americanexpress
8059803d3de28038767bb26c1998883fd807091d,14,11,73,455.12,jcb
d796488993a0d75c3ce3981cb2b2e2234b3c73c0,86,30,62,90.21,jcb
ebf69974cfafa9609ab8bab902bceedf584f0ff8,48,3,50,338.8,maestro
d1d0b3ba2e8dc39df51da8a772a9ff732fd731b3,47,16,61,428.14,americanexpress
fa6b0a4587ab276de005d7f6055f286f40387638,79,3,36,477.2,jcb
e097033766b65af0bf7f43dde6c852d7f77ce22b,94,22,72,350.4,jcb
fa83583dd42825d45dab985e4f7878a99ad541fb,61,1,43,355.02,jcb
0ff5a2423cbd97c9fb2091978a49af9565daa94a,49,4,6,274.53,diners-club-enroute
18bc1edbdbbaaf996fe25f774edd78ea4c15b9bf,71,25,74,93.29,visa
e9b0514d581b33818117ca758faae3802659af86,4,23,5,211.27,maestro
125d40cf79f70116638cc4b332fca9683f3ef345,78,19,81,93.63,mastercard
cce36bf848b79948745f97f4162ab9566d1db4dd,93,23,30,460.11,switch
4a8e07f28c53353fed7fd7208452330aa2d48c0f,54,21,20,184.83,jcb
b9060591076230be02ad522bdbed8487f547a8f3,17,7,82,490.32,switch
3f5435b873c201e8da0a61acf8441a386b5fdfd1,63,23,17,365.79,bankcard
482c1ac5a236ddfc5a654686ed733a261f0bf8d7,17,27,65,96.9,solo
223f0dc869618ce9ef3c61401f3978a4d1fa0a15,62,21,42,104.08,laser
be980aa683a1d2a776502ed5ebf5c77eb65b9f42,8,15,43,298.32,jcb
740e19283edf70d319a22ec20a8bdfc2d32bd311,77,6,18,383.91,jcb
e481e9aef0a3a7ec9cfb1cdb032eba57846b96e2,60,2,58,470.36,jcb
43d3373b16423cb75c64a0a3aa6040a77f0bb7e8,13,3,97,98.45,laser
c40c844baf3563cbeb81ee7b60ad19e439b54dc8,18,22,28,461.75,jcb
994ede192d2843473b4134a8ae8691fae6371032,41,20,41,400.15,jcb
122b1d52d3c9948d2511d43826ad1015b2e13daa,13,15,44,111.29,china-unionpay
061eab70ff084d6728d42622e123718836759e21,67,28,71,307.3,bankcard
08a0100fcc1f6fd8db2fd413c9d5ac48c483c1dd,16,26,4,322.03,americanexpress
41f216eb247fb3463383fd4e9ab2b13af4f15659,23,11,90,249.23,visa
5ca123c0f80cd384f93c38b0e439f6dc6695d85e,69,2,3,424.15,instapayment
d00cb79a06c6d9a4daddcba05b669a67d0e77f75,99,5,86,430.55,americanexpress
671aa438396ac9ece6e3625ff1fd81399f4b9d24,17,12,23,123.09,americanexpress
ebea7bac3ec583c4ca9690e1726bf0120f8bd848,4,17,60,298.59,china-unionpay
5526fd4a32b854fa5dbc108e37f043f73d18a1cb,49,28,76,440.66,jcb
0186af1465ca0d0a88484257f21ef5e10b8391a8,80,29,2,210.23,jcb
b117b2a15d38d7edbaeb6e9b4a4c7cf9e7b81412,58,29,18,208.1,mastercard
5bf36377644f7149cb75f0f4f853a496611044bc,60,9,62,236.82,jcb
ae3df6a7326cec0bc5608379bca61d3f2b15546c,55,23,37,77.49,bankcard
cad113ecc367630d1a8b7b08c18e86b15d855b52,11,23,67,178.04,visa
816b7bc63ef8b3a276b4427934fdbb94e4389b12,59,4,77,254.9,jcb
d8557aea2109729cf42a5729beac58e4fd09a7e9,77,20,8,425.49,jcb
d626d6f09d00121f0e6fe9db8c82fb21f7536c91,91,27,23,127.18,mastercard
c2eb0c849e4d8a9b82d9b1e7a9c767ef019b5531,68,28,16,374.64,jcb
83de22b366a246effb18d9b3a1c307a4c0b848f4,14,15,31,231.6,jcb
78cee6acb5431787c46b36cceddc7938722b1748,45,10,5,57.23,americanexpress
04a21a0261602bcc3b12b83249dc659ef93a00ad,11,14,67,310.57,jcb
a7e3bf5214edb7a7b69520d417c9406d784cbc5c,6,7,48,212.56,jcb
c74464a2e1f882ed6d75f157dcac98a363a938eb,2,1,98,250.58,jcb
4339a6638f1bd04e462ec54d560333a3b697bd96,98,9,77,126.95,jcb
c9ccdf8cdc391490d9ec2898407c7cad3d990a6e,38,19,23,86.69,china-unionpay
0afa861af3aa2a06d914fe4f304d49693741cfa0,85,30,86,163.27,mastercard
06e924b9afc1932407e8bb9e17bda7ae26156a54,92,30,71,478.17,maestro
7dfbf59f82d9be0462cf9983856437b12b37d15b,19,5,82,391.45,jcb
8e42a5f7a92cbf6af7a419848930b98d2edc3584,94,22,38,335.6,bankcard
57b16d6efa60b399487ea39b17318993693e13f6,53,2,78,217.51,jcb
e7f1fa7218c56dd69e162e499ee7c441a0ed6eff,71,6,100,298.45,visa
7fae66193e148266c0a45a39dab30aba0f0f8143,98,14,7,131.66,switch
129858ce2c700205b13db052f4ed22eaddb0cbf4,26,6,78,425.86,switch
a561a4b8207fbb550f11295b282b72d482fc66c1,16,5,59,233.46,jcb
9c3d2dfca46f68d385ddc287d05836994dd70e85,17,14,86,258.32,bankcard
8776e453e1ce53d0f7022aae53768f1d603f14a4,59,17,36,257.42,diners-club-us-ca
32815abeab221e92f66d094875222cda82c1781c,11,8,49,309.74,jcb
d83b53d965bc48bf7a3ad1797bf0bda9ccb89ca3,74,10,26,142.91,jcb
53dac519e6b63377437b97aa09ce85d2e0d267e5,42,6,21,471.83,mastercard
169d4cbbc046282b56ee3a3f1681e7e79e1bcf06,35,4,64,159.53,jcb
0483f203b1f6853ebfca5e5df916cad154a30bad,55,18,2,327.6,jcb
1e5c655b83b1d4b64c085591f0b39a572763feab,83,20,76,80.84,jcb
6f482594d53d87be0186aa400e1cdc81688ca54d,56,29,79,294.17,diners-club-us-ca
eb6004b316d789e7a9d2ae0e7ee3d59b4a81bc59,39,6,47,259.23,jcb
271d9665181a9a7e184f3bd8864ec8cc5888aca5,25,1,63,283.13,jcb
6a0f4147a4cb4274ecc9ba433aae55a8b727b842,15,22,5,128.54,jcb
b106287c319928a6cb6e54c7df10c8a4450cc52b,16,1,38,176.73,americanexpress
475bb0ec9a4169151b098e98a4cb799232449ac1,15,10,7,376.07,diners-club-international
39cddaa54085a66c5fd4c1c318074b37e448465f,83,26,26,147.94,jcb
8110b343204f65fca2bf978fb91e9d898b33bdca,15,17,2,477.36,jcb
66a801502fe10854bdc5af662dee4c1c8ceff32c,31,18,62,239.36,jcb
3307b6ee26b62f09f05519d080353079418c80f3,41,14,53,435.54,maestro
b9489e59769d82602f39728eb67b22f1e0dec423,55,26,4,445.72,diners-club-carte-blanche
cd89f2d00bb00a76e196fe976d55a1064b28ccc4,58,18,69,243.81,maestro
61c6fdb5da5e11aa15587519a9579c9195c6ce8b,55,29,49,266.48,jcb
c32b8ee712c4868262378c22bd1967bebed6e665,54,14,58,75.49,diners-club-carte-blanche
a83d0c7531b74ce6d3f3a7d1b23a87af1f4848f8,29,24,36,201.44,mastercard
473d841100560852060fb7a819e6b4a386ea8c7b,75,28,84,268.96,diners-club-carte-blanche
fd3e73406141d6ad1338a4f28c99322b78147df0,88,20,43,94.3,visa
4cf63a8a7ddb1788b51dc23e32676cd2a2c61033,97,30,30,213.7,visa-electron
d5ddd8c03895fabdf11710d59e92499e83c8a7e4,93,22,27,127.43,mastercard
09b0e3a901466bdb43faf9c80c03356378ced650,47,27,54,385.81,jcb
248d44831de967289dc3ec4db76c3eb158a3383d,73,7,10,122.03,mastercard
093016ad8286f48a5a2679c078bdebd5a0ffd30b,64,29,65,456.54,switch
8cb3d1c59694ad8c5176625b2d2b8b943318d817,25,8,76,257.47,maestro
8dca82a385d20c64d0478774b72ba3afecaebd90,49,24,77,362.96,diners-club-us-ca
b87a23d4e2f7cec5d0a1b7f86d115f796c3cab09,67,24,64,92.41,jcb
c1e4526bcffb038a928f76af525e5180bb527bb2,84,4,25,218.44,diners-club-enroute
de59c75bdc56e98120c6825b5c3d320c5a9f7ab6,33,6,58,221.95,jcb
6319bca9c89519b8a761c393829e18a1560d4560,97,28,16,473.69,mastercard
77742cb89f4b409821bbd02d7910e5d675ae0bce,35,24,57,169.56,diners-club-us-ca
2da7a383b29782ca52d91ad3bb27a4e387afc2d2,50,12,91,219.36,jcb
c9d29cebcb7abda91c44233413ec0dac7b0cf942,17,10,25,375.84,switch
6bd548eee79d049b8b98844ef79cb76a35dc9a3e,96,10,53,196.8,jcb
e7ce97c5107161b8388f721a1ec1e6758de7fb9c,45,11,86,337.07,jcb
4717710dbc8d0a846a0a58d596a3723a418c5a97,75,14,65,479.1,jcb
8daddcdcd4366bc18f8fe45a4c93f1763ba00739,44,9,77,221.7,china-unionpay
20eb1effd7f4ff54df4764de9296c670498eff61,99,12,65,192.73,diners-club-enroute
a966ab004da3543893e7d8fb95bf34f0da8ff9a5,35,28,16,297.45,jcb
03ea76e35d975c8eae54f5c7840d220e1997714f,33,5,80,387.5,diners-club-enroute
af85ce72eb15a1af89bb779517645bda7bc28e2b,3,14,12,317.6,diners-club-carte-blanche
b9fee4686d49d4067c645d7457d168d7dffbe635,89,30,48,331.31,jcb
8ef38c6e6e7288b5972508497efc4d6f558ba0a0,12,20,42,243.71,americanexpress
45fa36f9d974bfa22d74318efbd079cfd9403b91,65,3,55,202.07,maestro
276f45aa7b7c983db0e59d2b3ed0e946b15290b9,9,7,18,104.45,jcb
8f98d92fbe5d7d4b8c2cbdf2432d1dd26c76ae74,53,7,45,343.91,jcb
cc694ef05394cea3d178b4d6ab4fe8821fef9d26,44,11,49,99.92,mastercard
530f0712d5c421fb6dab7e4cf8558a5bed8db6ce,37,6,96,68.03,china-unionpay
5cdbb853572d2d7570a32f5cbe47af7fdc3af94d,43,23,7,224.02,jcb
bc3bb2c19f7f27514ec523b11d3f0ea2c17d27ac,85,12,64,320.36,diners-club-carte-blanche
213d6a11a4725eceb23c64404a2d6291183c4f2b,27,3,28,138.18,diners-club-carte-blanche
1171f7c28148c1ec4918921d2c0d833db94503db,19,30,10,186.82,mastercard
f00313753241bbc8a9f42c3d5f10b36a1dc86601,97,1,80,269.9,americanexpress
f475af9167ce0c6892d6cda4659638c60b9c55de,47,22,22,122.12,visa-electron
74156ae8b8fdd091583092481b43f314afc95832,82,3,27,499.26,mastercard
f4c300b6b903044049d46bb4d0edbee9e453cdea,1,22,35,446.32,diners-club-carte-blanche
eea2edd58bde6cdab6a0f08832afdb0f0b2a922b,100,9,59,101.88,mastercard
391b98783abf9106ae04df1e6b918bb539dbd5ad,6,3,81,265.67,diners-club-carte-blanche
10162bd809da33c0f2b1513a572122220bd2ccb3,69,2,99,252.35,mastercard
687dbe437a078a3c55985fd11680bebcab46b287,69,12,76,489.4,visa
9ad71eb2cf6dab84ef6a96462ca1714caa5cf64e,61,30,29,172.19,switch
eb1a935c6ec03e1455e36fd8d906aa850b9e69db,75,19,26,251.37,jcb
74cf84aef598b2df49ac7fab46b8c7456fdb7667,74,15,63,256.57,jcb
e36653853835104082c40e76d023ef75375b09b6,100,24,83,231.33,switch
c6e292137e96d7f03df4e63fb04a712493a66494,6,18,36,254.37,jcb
8ee1bb4bec80469862f0df5de0514c602a54d5b7,92,10,13,127.32,diners-club-us-ca
85226191e3fbffa7ba80f2c9c029c04d883d3b04,20,10,40,408.67,visa-electron
67caba19391ac939212d0647fc78c7d44f41a92a,79,26,42,399.81,diners-club-us-ca
8d2f9109a7290fffe4a0e25894f39f2349da5039,81,10,6,441.25,mastercard
ac54958fa2df41db6d66b83ab7354ae4d3a25eba,16,26,12,437.61,mastercard
8af0cf1e42fffffff65afe3405f935a2dc0c9e03,71,12,16,261.25,jcb
d4afdc458c46089af6e4d72c32514ad5b40d9137,89,20,83,331.46,americanexpress
dc83df8dc29ed1a94fd4e0ec6ce16e2332283589,24,17,16,159.41,laser
55e72fb446c0ab35e595ebae6b167df724738ee8,17,3,47,261.03,mastercard
501cc4f1e509da3578b87e3894141df5e47c2275,11,22,80,339.03,jcb
a66be3aa97620f595fdf61f17de1ebe9f14a9602,5,28,16,426.12,jcb
aa8d062d683b53e6b614417d764d88787af3728c,52,25,71,166.07,jcb
8210159fede3f3a3c389aeb273b252a6228fbad2,63,1,80,60.04,americanexpress
f0e6c203a593ee4ce46427f9d2f05df9d483aeda,60,18,59,171.04,jcb
6fe551cd6b55d467a6927641dc11080cbadc9e05,95,20,65,263.71,jcb
dee06c0fb7ca8592132a9ed51a43d9c67936bb03,18,27,18,329.21,jcb
9aac5cb43b6112c63cb1508fce07b9622d034978,94,16,78,149.87,maestro
76dd5745c9fa2c30a4700fea7fec2d11e8c5fa8f,95,14,49,449.19,switch
855b4f9793435305774ba01e7964010ef1620cea,20,10,22,197.29,jcb
fbe5e9c2679b899e8926c43f3b25c7b9a008b367,54,17,55,154.66,jcb
59a7ea6ebe234b772a6bad5a08d6dd482794d4f2,69,23,35,55.0,mastercard
89fa85367a91f1179adf9dc8e8fbfe3f1d006e91,7,9,56,53.79,jcb
94b91d5984398d9de3e316ace927dc5bc5d28e4b,70,7,2,256.59,mastercard
95856375148209a52bb07c057dbd23cf0cf43d22,94,12,72,350.16,maestro
05f2ef905f5ca3d115574a209aa95bef0c8d1779,56,6,72,108.66,jcb
95882941439459095f59772f2420d66b4efc00b7,27,17,88,477.24,jcb
c4a56056f092368ae2e93df3d3f3dda6ca1c6f63,3,13,17,101.29,jcb
ebb96fb53361ae4a81d55f400253246d0929c913,83,25,48,405.15,china-unionpay
3458844de5d6b7f4542e715de08de1e24c7965a1,12,4,70,293.84,visa-electron
5b76a2f68594546da41f4137e9047ae2dcb59eab,15,30,41,73.41,switch
b88ab3de5c654cc540610b8ce37fe679abb125bc,45,29,97,251.95,americanexpress
919c7a7868891cf7bf63d3c0e0092a42b718db29,5,29,53,421.06,jcb
971c21084a8b2037f2a54aae2e2f824981376230,73,10,73,245.49,mastercard
df998812166c96e1c83b5f25b2891c7ea6437da4,7,14,87,373.06,jcb
b9d501dfbea3d64da6bddbbce56334117fda9811,56,28,7,343.23,mastercard
2178e25b7ee99f630a819307449724c831dafd09,55,12,79,58.93,diners-club-us-ca
4bf879a8a4b91aed2317ca25cc0a3b5eefad49c5,75,30,82,134.29,jcb
d999233cde731236cd0a11ef109830dfbb4e71fe,14,1,52,164.41,solo
7213e6f57ffe283b47d85a2e6b180ad408b5d61d,34,16,95,401.59,jcb
43eda565bb39e5318d726cc0b69aa8e35bf73566,25,6,68,333.67,bankcard
5549b50b39453980ed4247ed85b74eecd5bdb29a,91,9,80,305.89,visa-electron
0d233bdaf24255d475ee1cb0e5ab4a847ec21a65,35,10,78,408.55,visa-electron
752c04c390c4605a9b7963704f866479fa107f01,70,21,62,342.74,jcb
7abc4e03faa1d80bd5302cc9fc0e7decf5fd9161,38,26,14,144.09,maestro
09a554b8312fa5230958ba2837c71d4023728e72,22,10,97,361.55,jcb
ac6ca4d2038a50661d35a18a49e882c3689471db,37,14,11,326.37,instapayment
9fa2d680d1104caa255d89f9c3fd31fbc7c3b05f,29,13,4,310.28,bankcard
72293113993d069e69a84c113fca2fbf19abe7f0,68,7,23,211.89,jcb
b8fc7393c50fb6d2bbcb86fe5e41d585cb2e8163,29,11,8,447.58,mastercard
6a6d88a98afb6dce79822214f3bcb8f2386ec1a8,88,20,91,51.97,jcb
3351d20444268ccf214a5fefcf63f437932d7b8a,64,15,38,484.66,maestro
2ae906c44207c3f6e60ba187cf4e4d59850a087b,12,2,67,377.53,switch
6835253f76fb89b0a79c9e3b1f21e6f5f010a5dc,83,12,3,132.27,jcb
0d68d6530ef63d26852ef0b3e65c55b197b73a76,95,17,5,249.56,jcb
949e73b730602a1db9f202f2700e5f8d02452998,9,25,16,463.5,visa-electron
586ecd9ce582ba79db5c8ab4abab4b8224012235,52,9,65,230.15,maestro
713383898d0b2bfcdb62789b0ac531ba949e3d9e,57,7,33,308.51,instapayment
778075d7b8a56e52d517132536be922eebd96a0a,55,26,87,393.7,jcb
6f87f8270ac426efcd2089d98bf28e25b433fbbf,57,1,54,193.69,jcb
9a4bfbd4ff673e958437a5e7666864177faa97de,98,4,63,343.48,china-unionpay
706ac3835e5ffeaad64f3dcb175c6848e3b2f15a,23,27,20,267.59,jcb
4f81ef144b0b1bccb1edfd378d32575b2025671d,46,1,75,353.47,diners-club-enroute
2f413325af088d0304e9c2917472f02d25d478a5,77,1,56,320.24,americanexpress
18756d049888f73383a6ccd28d5c50cbd12f34bf,69,7,39,69.15,diners-club-carte-blanche
f48631608f34d9ef7f3719aa12f74c63bc4dc90d,20,4,59,67.36,solo
c878ac556f0d16ed1e828e71454e07602bde8292,41,27,28,64.46,bankcard
fe50685167543e865f9a8a0547e05779f8dbbdfc,84,20,63,112.77,solo
84f6b44f91d67b564f0423512a73482b27cae3ee,33,19,22,90.85,jcb
1b861560da75d3987c47ee1e64d251fd9da77dd3,73,30,70,152.87,china-unionpay
5f573126b875b64fe1251a3299ae323e897d0982,2,3,71,274.84,jcb
b6f0bb82faef66db668bd7b2f80ad666aad8d475,42,10,93,202.13,diners-club-us-ca
2786f8fb48ace3e9d6a2095ff7849be9df4ed806,80,10,62,443.44,china-unionpay
be71095ee2e5bed2fd506f36ff6cc99332e1ce1b,39,27,55,475.26,bankcard
f5fdf02415b8b5f41c3367d1051dd0af6673efce,89,17,59,436.75,mastercard
0184332d24009cd087400af51a3c2a78a6c4f6d6,23,7,96,173.42,maestro
dd1c2ddbde8a695cd824301467735b7b45a639d7,38,6,59,83.2,visa-electron
808842f6a91bdf57df08394044f13f767eb3897a,21,24,37,307.4,bankcard
c1a04b6bce8a1865449b05069ced5a6aa7553b51,46,10,43,452.36,maestro
78476e92f1cddcb4c943c2608a8c914bf61d5a77,4,27,97,196.11,jcb
36d8fccb725a7f8ba83c32a88ecbc6967400c69c,30,10,61,391.7,maestro
a2d797c7e78e3d370257994235a72b53449f9678,3,26,82,399.59,jcb
ef747dd51a3944dc4866d82cbd9a79cdd47a7bb8,50,25,28,437.4,jcb
f37f732c675bdfa4add9e254ed0f6c145da1c7b0,12,23,43,207.14,switch
a2f5ce9dd449ccfd9adb095e225d2de31854e017,94,8,26,154.03,switch
db177ac6e6ad5b28415cfa6fb4e3a7b8f5f9942f,14,9,81,187.0,china-unionpay
c4b9b33cf416fddf85ffaa2d33f46ec47e0e5b84,35,26,45,354.1,switch
a647dd7b7c87b81e22c0109701ec6c3541458afc,45,9,96,273.68,jcb
d7a00eb61f2963dfe5189d50da85cb25001be05d,57,21,53,50.67,jcb
9bee3218705b61bde568ea33d3e8118bf8c845c4,57,8,1,464.92,jcb
5cc69e47cc18f4844d5d60d8b55c76223af9f714,95,10,73,382.48,jcb
40788680dcc81bb6675f933f8ee4ab1244390cf6,60,27,92,113.11,bankcard
e96778fd97c1c63553aa01b9270109e363a97f16,69,3,93,73.97,jcb
a8d99135c5745f9cfcd6e818c00889e1c6080fe2,61,21,58,413.27,jcb
aa38d4d4849873509197e587be7c6494c6a8511b,74,2,100,471.09,jcb
3f2734326ff8a8d68c110c4d0a75dc618cf9309d,21,1,9,316.05,china-unionpay
2949a03d8bc42e01a4dcb6109d2872797db01bef,64,18,82,123.32,bankcard
faba09cdf39361cf411a8ca4e1f536c0d38bc540,63,11,28,135.93,mastercard
0f823a8ee926b023f5783c02a5f2732a338c2d7a,45,28,21,97.4,jcb
dbe5d59a40a4f47f3ce408523faeca3c7cc56bb1,41,28,63,442.07,visa-electron
60ef173e13b9de221c10d93fff3d744e115e19ed,46,21,98,315.22,jcb
8d37996e72b213597eb84227e7f8d7e94dbb2671,21,4,41,347.39,jcb
1e669c2494d22042abd41c88a163d51b69a4db31,27,10,38,242.4,switch
dac3bbc3ec6a58a4a4e9b27c2d6e756c5ed6ddda,45,3,54,78.89,jcb
adf551e01348d7778916d1916d0636cd3ecfd243,24,9,20,364.28,jcb
96f56669eaa6bc8f8097d8dc895dc40404f2e81a,14,14,52,424.3,diners-club-enroute
6eee77ce4072a0c17c878d677fdbd43e92c7128d,60,24,33,102.92,solo
42a30bffa9b8570b1f8c2462e828adb0d85c6e51,56,23,6,421.43,mastercard
4cc2b06ec474a89d904dea6f414123db1bfa8907,10,25,34,305.62,jcb
efe7a5a141664531328ae66d1a5f3bf7058112ea,93,17,16,299.76,diners-club-carte-blanche
54f6953875365cb9ec012d8fb5bdc42454df7c00,85,25,46,446.75,jcb
d9837fab9afa1305a9bd5d3b0dbfd13359270f4c,1,25,48,491.04,maestro
8880051e3b7c62677fdff4f743b9b565d6a2d87c,27,4,54,148.27,maestro
5a9a6c7928ce9881862ce39ac903513ab5097143,24,21,84,119.29,jcb
84fc725796dd1bcce010c7767cfb063141a08567,35,19,36,194.54,americanexpress
233368fa3410eff5640e0bb7a5a714f50728b384,27,6,58,275.89,jcb
2a3e6eebcfc04e7c0b5cb5754feb54881c09889e,32,8,93,262.35,jcb
92d04b62e5c00e28a21761ddf958912b8faaeb05,89,2,54,483.59,visa-electron
f3af5ae76b817010ca8de0fcdd28699b10578521,7,3,94,478.49,switch
5b4dbbe6b16b7968cbd9ce239ed989b958734385,71,9,5,264.62,jcb
0d2087918d28d1aceee2046cddac963c2744730c,83,29,35,461.44,diners-club-carte-blanche
fd9c09d36961d2095530ebc53a4ea03548430017,73,14,62,153.37,jcb
e9b06dbdcdca53e94a71a92bddd52a5897caa84c,55,23,53,349.35,jcb
7001fb6bbaf2e2c88205c38b23d18655eda731c1,77,29,72,328.67,mastercard
e57a1ba287b857e032b38c1c6c8fefc55a2155df,1,13,69,499.05,mastercard
41aee716b3d6e6f4805862e01099c4a5f7561d35,47,28,7,321.17,switch
a9573ccd2dee54a58fcdb3d480bc6bc93c2054a3,4,18,37,202.09,jcb
8b7714750db92bee4058760380a3db3f2beaefb4,68,24,44,421.62,visa-electron
a5d329e8e38946815e56595e8ec1477ac4ab88eb,30,24,16,274.51,maestro
9c3d465af763a39adde93f2197ff9ef1aa57624e,30,30,58,420.7,diners-club-enroute
bdf40f34f028706af6ff52e30951d27bbf7c8f74,15,2,82,431.96,mastercard
615d447ebb3afcb8c84f261b2f594e51a49c8f03,93,4,100,262.61,visa-electron
5dad19666edf283a609a0f82012ec24b2477dbbf,67,4,94,480.63,jcb
fc02f1c264e2893e61ff4785e9feec60c90f7501,31,29,95,114.1,diners-club-enroute
a17eb6b3fb256d02f3bf25546375a3bec90156f6,81,27,57,461.52,switch
0555005df241a6b027cc912f827ac90a8b99ca9c,11,23,79,207.31,jcb
6281436c64ebf068cbf9c0280597c453c8f13c4c,87,25,75,81.39,jcb
5d059c2bae9cd5015cb3b822a110c9a9db1fed34,35,1,42,362.38,jcb
f05dc1f5bff4c56da6a5dbea39168e2bd09d34f0,64,20,59,50.02,americanexpress
6020eee119900f5c18e8a946f74a92a7b5e57534,100,3,16,255.7,switch
ad85813ecca7afbb9def19234682e9dd1c67a172,74,12,90,205.59,mastercard
e73e369b7ce5f77973bd4889146b2b13ba5e3e27,9,8,13,155.9,jcb
bf3753ef2d1b6b88026e33f401bf6857245585a1,34,10,7,159.42,bankcard
61975903a8d533d29f147bccd8293808ef18ac38,87,18,95,78.03,visa-electron
441a58ccceaa2229f85a44f9da48749bb57bada6,81,5,78,273.88,maestro
a0f133ee8bfe1d130d98207f010e9cb753cecb25,38,18,42,109.68,diners-club-carte-blanche
2e65be95aea0129d03245fd44e28bb9ec6c5d6f0,64,19,46,64.77,jcb
ed587f989c92a39478b49a772ee18c991b56c25b,30,28,29,469.46,mastercard
d51871727833655b78eba1a311c59d095d1c0c3f,46,20,92,72.79,bankcard
6cc0ab2f21cd4e71ef361ae8efb90fe40833d3b4,41,13,6,282.89,jcb
184510c8d47abae0326a5e66db9f18091c64f9d2,66,16,7,73.82,china-unionpay
03692f93c26c14830a0d0a61f0aa1aa6773471f1,73,18,99,200.16,instapayment
2c7a751f1663a33e34aba0a4e0f4756af3d3aa2c,70,27,68,396.25,diners-club-international
64f3e0d9032af236c06440d66f40a1e2f61842c5,41,22,30,307.36,bankcard
4a6e601cc0aec44ac99dadc8c12c7d88af06c82d,63,8,26,390.19,switch
5aa9a55b5a2ece07ade58bc9b44c4c99bba9b29a,8,23,96,467.76,visa
79a5e941b9b748d9159bd97d06bb69750d47c376,85,15,99,276.18,jcb
3a07d8bbad6e714b816fbc2c4bc86b6b82db7b4a,21,7,52,333.87,mastercard
b5e612d04abeedd960d4125c1d1dff42fe223a45,37,28,24,337.0,jcb
8a5538b6680ff74f41379a7fd1d04e8386f87627,30,24,23,268.76,china-unionpay
ae1b18c4dd4177341047db4aa75f54e13abf21d0,79,22,93,472.79,maestro
fdbd62afaa59420ab1843241e78dd8c7a5ae13bf,23,26,73,316.04,jcb
d19dadc16f16e493ae5e7a6f530b39638d019747,30,7,11,468.57,mastercard
8bf6f2552a3f9286e4dd48f10d90d5a2fbe3f37e,72,24,16,425.22,jcb
4b6048738bc0824b485dd0b5039d092f709786c2,31,9,91,228.13,jcb
1f13cf4cfbc5f3761995b9c09329fcbbf0e9c3c7,83,23,16,497.61,jcb
a28949ba75ee1e18d45cd813ce03e91687ff7522,58,10,35,348.41,jcb
42faad719308038291db8dfcb8664c87965d6e64,27,17,43,481.11,diners-club-us-ca
c575f1897a0f741413f47d0541b78fc75be77cd5,27,27,45,376.23,jcb
a7e0ddb062792c2fe50f5818726da7dd666df5f2,20,20,63,333.49,visa
e64f8dca282dad17a839bbab2ff86b6119b8a427,47,29,68,278.14,mastercard
42858774781be6f17f3353db09607c2696c7bbe4,65,27,89,242.99,mastercard
616d8d039af82605671c4f10753d06f6b0fe03dd,75,15,26,60.57,jcb
48de8979bc6179e1ad5a4ac4d2434f674aa3e6f2,29,13,3,451.77,jcb
96658b5bfb7d2ea50d526b03185edabaf57ca5f8,30,9,26,100.68,jcb
c9c26dd080eeca8d4360f58444eea59a9894ddb9,99,19,33,354.48,instapayment
ae8de3601f20373a7395dde6fb22366b1fcb2619,65,6,27,270.48,americanexpress
bea48872377460e7d1f493ba4d0860a401d25ff6,68,21,21,254.26,maestro
b6c83b8b4d6f64ad8e84edb560097eaf1cabe447,27,24,8,417.0,china-unionpay
bab3d93fec81f782f2a2e97aa66a3166e8014b36,71,17,82,343.18,jcb
25361b32193f001dcf76be5fd208d54bbb870b68,70,16,88,150.89,maestro
3c02c4f26709d15e3ae6319ec63e5cd65035fbfb,7,6,35,276.74,diners-club-us-ca
50d8362008c2ca89a90774b34c452940665df8dc,6,17,12,346.81,mastercard
833f0fcb78c3d3ff35425b433d5559584e06b4aa,70,27,76,438.68,switch
ddaad095b2184d569456d79cc3f1e75fe08e5e14,68,30,91,105.64,instapayment
babee7cafef1f2a3a9e2ea03a809b6e215fc8c3e,54,17,5,206.06,jcb
1e241eff14488300b9d3f7f3b493caa0953dafac,70,26,60,255.79,mastercard
8b54e6f5c9758f55038a2c2580c5355c43fc4689,68,8,68,71.97,diners-club-enroute
29c449fe46af76b6fcff85d6ea7331788264e09e,15,9,28,449.12,mastercard
3c312edd60c902a035d8a2aed2e6969cc4b739a0,40,2,72,333.85,bankcard
b1ffa15336193366055ea8b29b2dd7d8e74db960,96,14,19,325.71,maestro
2330072954e4ea1771718203ebbc7331969ebfa2,94,21,99,339.14,maestro
8637eaf97632cef9d3ed03bf6f83e72e94fb6cce,87,9,79,448.76,jcb
f17cf128903b098c0f84acc18903a1dfbff9b211,7,3,28,188.1,mastercard
d7626d3d49db53d57a73550da721b81d99cec850,63,22,76,99.35,jcb
d48ec32e9afceb758bc972faa9b9ae5c34a76e66,69,28,1,396.38,bankcard
28a59fd749ec9b91f2e78da7fa929be6f5850a42,96,20,50,446.69,switch
7a240910e35c89633504a30942bfe84bb0afbec9,13,4,96,50.02,mastercard
e895b9afa29d1dc0fab33242427f56531cd11dd5,99,6,93,412.12,jcb
8658e79591d386f11214429ceab5950b83be294c,12,22,65,207.43,diners-club-enroute
adb1974a17b8d24ef33884a4225d2deb48f78da2,27,19,25,193.28,maestro
65df76110ff690bfe5f05beee0c9eca71a5c8c5f,28,12,41,211.76,americanexpress
1846f65f39bf66e00ce1aefbe14589b00f233a57,8,11,83,312.16,maestro
08d8a88b5e7b8a627741dba3527876960039904f,47,29,17,176.62,jcb
a6c64f9f07844677a47975573ad31c26f423fc44,65,17,23,192.69,laser
68d5ba0858f81eff1122d7e07f3e2b10dd24d09a,64,1,49,129.16,china-unionpay
67b4fde3f92630e634fecdaedf6b2e6c83b37cbb,47,20,71,269.92,jcb
4b64728da5e08110930a376403b0ed27462e9021,100,15,27,196.97,jcb
989c86bd37a2f115eefaf5b84f4629cfb39ea49d,44,9,39,143.88,maestro
43305a5ef1f3223d09b42cf6d5bd726b7849eb25,80,18,82,366.01,visa-electron
8274376fcdc851f3fc5cac8af637b4ce8ae3299c,93,5,48,248.71,jcb
68a255e90aedfef5cb30fd844325acbe7181b8f0,7,23,29,214.33,jcb
18aaf6ab770a675c26e521bdf96d19ed03e9e61c,95,6,3,424.46,visa-electron
84b8af4514629bcab4ad547203d09542aef2b24e,62,12,84,159.3,jcb
71674ff1b408ed4b4b4a1dfc99c104783008df48,36,21,48,82.88,switch
25a0c062b189df213e1aec7ddc8dde70cae83544,88,19,52,251.53,jcb
c9d8e4763676828e898561392fa96355bf342239,73,5,72,305.76,jcb
7521bb120322075a5f7f947361dd9c57f6435903,41,20,32,396.44,mastercard
9c447ea6acee47a6dbfe37f53db56a6c1767f3b6,9,18,87,76.67,jcb
3fdf97e71270d6c117eac9b4340d3bfc7e9cf4dc,20,18,72,391.91,bankcard
eccfed6913572eddf68e504e2cfa34f4ccbd0885,39,25,96,50.92,maestro
77137cf9121bb64e9993b4f8e0a371d73a2dd131,39,16,54,133.78,maestro
dd21a52837040f5674c1e311f0685dba5689d920,58,22,40,250.26,switch
4d008d47a2c2734ccd6928ca5dc820c3a4a44bfc,13,19,32,102.43,china-unionpay
2b48579b0271c413d26aefe94a975a854e2ce21e,66,19,62,85.66,jcb
e2379cfb8627eaeace42ce8f459d9873aa716e5f,76,21,66,280.1,americanexpress
aa684466edb113c9be8c869a46c90da31470adb4,70,5,60,226.14,mastercard
8d580b93b2e6b1982eae81b31333a5cd57370219,84,12,17,138.31,maestro
c36a8dee279ebab8739404f8137c7ee61e307a70,65,16,32,50.38,jcb
32e130243058ad5c36755ce04d8786ea5d413b3e,89,27,70,467.28,jcb
bbcc51371676589c4db6422c373017e73a557854,15,26,79,98.76,diners-club-enroute
20ee1ec979239665ab386f9e3b24bc406adee9ff,75,30,77,228.73,diners-club-enroute
25e5717932aacc49bb3d71458e8542de0f0be8a7,49,8,1,469.43,visa-electron
2be6dfb51b21b6d04f65d7c92d59544619991c44,61,10,43,230.75,diners-club-carte-blanche
eb22b63f51c3bdaca9df3f7691fa8c476837ce80,49,10,77,402.28,jcb
8282ebcf8294a6ec7b01e6c37927615d64c41a7f,33,20,9,419.24,visa-electron
84d69350b9bbb84557042641770b825da75e122b,30,17,84,238.26,switch
c03312b5bc2e940cd698972539c7410089ce762a,89,24,31,226.01,jcb
b069d872fc5525033eb156dbbf97c1af79ce9e53,37,1,77,356.75,jcb
98120a165fcf886fd59792b3f40b1ccc4d85f267,30,19,96,399.24,jcb
5270ab473348997fdce9732a9342c5a1788a2e53,34,26,46,191.97,jcb
650aee57c1580211d1ab51e42e322e236f5a65e6,59,22,93,142.21,jcb
7ed035afc39e127e8a8f03495761d2eb21fefb62,58,15,55,469.73,visa-electron
062cdd6472303790408bb862329059cac3fefbaa,96,5,92,156.0,china-unionpay
a30ffa036ffe033839ecb2f22160c67980f13b5a,21,11,68,304.75,jcb
2c0234adb7e578461c5ccdb32b6d0f4f198d638d,46,10,46,211.07,mastercard
c0ad2d8b9c1cbb604045f3c7fbd9c3dbd5111b0d,76,6,44,356.56,jcb
eca3616af6edf5fc259564faf743fca68b2059bc,23,29,65,96.67,jcb
dcd966e80995854181b8240ae1ce32807200ff77,52,19,70,376.17,jcb
7fd10867669fafd646fcd2eb78baecadeb2c9880,50,22,52,172.93,diners-club-carte-blanche
5735852006f047742181b514a44b263916fbcc5d,71,7,88,401.02,visa-electron
a4c91e482fbf3950a607bae63a689d805ec675fd,75,9,23,112.2,jcb
f82d2769a5f6201125859a4776015ee36e9292ee,15,16,70,115.48,jcb
fa65c9b71948a48ca0a493a7f820a7f2f55b1b62,57,13,3,267.09,jcb
633a2aeeb0f003ccdaf26f61aca127faf7cb76ae,31,20,79,205.14,jcb
3f9b2788d75954f1cee8e594eec8f9fc87a4a5f4,23,5,7,310.19,instapayment
1b36cfa079626c6c8279e809dd8e79477dda5bdd,58,21,49,234.57,jcb
db1ab8e8e3dcc0b42ee404d4e7fe4ffdf870995b,31,7,89,274.05,diners-club-enroute
3f3cd3dee8931bf24ce06253b8ea16f2b4011fa2,30,25,82,164.53,china-unionpay
0427468c464a230a394cdc323e302b90f4011b42,17,22,29,493.27,mastercard
f64c01a50d88886cc43b0b86e30f227d1c30b060,26,28,100,64.6,china-unionpay
a2ba76b9aef9c9e98272327230a8c78853dcb7f5,26,27,35,52.5,instapayment
0ac7cf038838af8c43b8ad1315974c52435fdadc,44,1,43,240.02,maestro
791d1b6368fe6d060b86e89410178018cde1240d,57,27,13,171.84,laser
00566ccaf8f487c4fd771f442b9d537694d3ce8c,96,11,78,189.31,switch
94ff0db4e11c0f2279006e2c5b522e439024d00a,24,29,40,271.12,jcb
d466e3a1ae7042d2658544e941aa4eac80336906,42,30,74,378.5,jcb
6539d71d83709135e3446293f21c949eae439fb4,17,6,42,399.86,jcb
a3ae1f7a199e8449a60922b14e9b20cf42f6a27b,76,23,58,486.31,jcb
4cb9556d8773d6431920caa9151925f8a413c456,72,10,100,151.03,diners-club-international
1522cb4d4a326ffb708b973a902fb4a82c1cb068,57,9,95,324.86,jcb
9561bd6b4ff5262766be35e1a0822cc28c50b44d,55,6,58,173.03,americanexpress
8eedf1b649d6fda5aade91031a822802b6e098de,35,29,5,348.73,laser
fed232d74e88483b2263ee5a3c7334b1a0872d5b,47,4,37,160.82,bankcard
6b94c5bc27a55c9956c2aebb69194174e104b1a5,34,2,66,496.3,visa-electron
02496957aa4490df183ac098668db0a61253eb6c,21,15,22,162.32,maestro
4fc68f186bb011224886ef2084a777e63a860595,62,23,80,54.77,diners-club-enroute
c8314ad7a6f9fb1067e671080262a5349df878e2,19,11,16,369.06,jcb
2bb8feb91f685889b1ae03175e348d85804b5b0c,21,23,21,280.03,diners-club-enroute
9b6e7457b215d4e69a97548385589d74e9343046,50,1,48,295.26,visa
f73ebd3be9a23ce0a5e9dee86a31298a0dbadeba,82,26,67,202.18,maestro
11b778b13634ee9865dcdda8faf1adf670833a55,89,4,5,436.75,china-unionpay
8ced06ede55261b8170718488b707bee8b837a87,76,11,30,177.92,instapayment
9cad41975d4ad2686d50be0acae45aabd5acaaa0,56,20,80,216.53,mastercard
a75e41316cfe09687643d08b5aabca729db09a63,33,19,5,219.43,mastercard
619eac393924c46bed07f8c9d23303cb24841004,59,28,30,469.3,jcb
125128bed95da7280bf362e6615cfc6e60aefc4b,19,14,1,222.61,diners-club-carte-blanche
34513cd72fbffb9acee5d88b72a2c81ff22ae62a,58,14,23,467.82,bankcard
1565c9febc792449c9b7dd5ae6d02bfdea53e723,21,3,5,325.25,switch
828662f6cba1fa6be864ef09c14f42dfe7c1906d,54,23,63,435.46,maestro
71c195b77a982b663f7c41450ba87cf04d1c6b8d,93,12,100,84.31,jcb
36da78e9464b261d5834ffe13076b763ee6a6c6d,65,22,87,247.79,jcb
0e674e285854e255a34597bbae29229404bdbcea,95,10,2,143.33,visa
5b4ec8d51252cc335503e2d934914781994de213,29,8,25,499.53,jcb
2874f8e79f5497d19b2308919e2d1639d196407f,64,27,81,54.25,switch
37437965b719d765b05794808eb9bd0cb5344083,66,20,91,104.86,mastercard
660c477753926a1b58438f5a77bebb5c7cb96e9c,5,17,23,371.43,mastercard
e3ed5e7cef621fdf67c2e00b9bfe0a8f9db923dc,57,22,48,480.44,jcb
f70ddf7b4f1ed3ebc233740d056400d32f2e2977,63,27,45,163.94,china-unionpay
b650d3f6c6cd96849e672c0bf2b916421a8c0d47,45,27,5,292.36,jcb
a324bd9821e8acd057b2180f185f3827e4701ae9,9,17,75,440.54,china-unionpay
ae6b9e93224e39c04be3ee96f58ffd4e70b1028a,38,2,10,107.69,switch
02a1d22c4ce64f04e47092888235b68d543fec25,22,6,59,370.85,jcb
9f2e32d74d73cb0f1dcd69ec49bf57e304908fcd,99,23,2,199.49,diners-club-enroute
3f80d2842c669352a10cc7a7c09940e368069dbc,44,1,34,348.23,maestro
43df1bde5a5d1304882d058e02ecb325c3d22826,60,27,85,125.49,laser
fe0a911c897a01ff35b13a29c978be337d89b68a,83,25,38,297.57,diners-club-carte-blanche
be8bb9f522067d824dc39a4d23ba66c852ac1007,93,5,72,348.76,solo
3d0b1dc5bf56b073680038631f569d50fb623da1,84,12,63,111.58,mastercard
19d2ec6c4740969bcddf580b44a632b128faa4f2,80,26,26,87.08,jcb
753d4da97b07bf3546543c5b77a11df044cb49f0,49,30,53,88.32,americanexpress
1fa58f82ff83fc5503f7a561250206a439f654f1,3,8,71,356.08,bankcard
e4aba40908c368bc84cd678f9cebcfbbe638ff5b,87,2,45,473.7,diners-club-carte-blanche
c0dc54ad7a87942b6af1e7c3e5d272c706d71c7f,31,27,7,475.21,visa-electron
e241a8bf8399926cdfb6ec2d743154a5c151746c,21,7,43,50.59,visa-electron
d736f4c8da2d2058a37aeac5dd0111a1622bb246,44,21,90,172.74,jcb
eb6a73f5742f075a69a25d326bf13bad7dbcee57,18,7,49,122.69,solo
41042d4dfb42e853e32dc2609333eac3d7531038,79,8,50,185.24,jcb
1235cd7e3b7720abb830ee3c676509a2b12d77f2,49,14,21,176.68,jcb
3f40e9f347e10d2a754c244ba1a078eec10f7b97,38,22,33,424.07,china-unionpay
17e3d35b15ba05700a581b1dc924162e66b73266,64,25,59,324.2,instapayment
6d7ab5295df71dbc3ab1f3252d94319f6f9b1a68,6,29,86,199.1,jcb
ff12b9007c3355c2615dccb274555974310b33af,100,21,30,146.28,jcb
2852968c4d0772994362f3019608e9f62e544ea8,94,29,11,263.63,instapayment
05f5f3048ca8fa433bc6171935bdc1c3195c92f2,50,15,89,284.02,jcb
804e6a8515ced60561db8e4387a5525d33ea95e7,9,19,68,222.9,americanexpress
2649c901306e03b15ded2e593068ecd8e4673d10,6,5,61,220.4,jcb
b0a51dd4f460dc10cdfae5b4331feeedae53254f,67,4,81,278.62,jcb
0f36764c255b3d9a3d468f1d003dae461e63e290,25,16,72,148.4,bankcard
50f8049542c01037a28a9211fa35c989149c04cf,68,30,13,388.33,laser
2a19b1529f557c87e32923c1a29b738e1a426d2a,84,22,72,433.65,jcb
49d7fcb227623e832a5474b6b493482d1f3b31df,34,28,25,177.99,jcb
e35140ebfa83dd1c817ddef77220586ea6e7e306,15,2,93,163.27,maestro
03ea28da4413685f927a4fa36c27f28487c14e68,97,21,45,77.64,jcb
1271dc2b240d4d56f506317a5fc15d41ab9d53da,19,23,99,426.06,jcb
49cf578c08688f769038620de64426a814739db2,95,15,42,274.9,jcb
1919427e6eee5cbff1deecbfff31b2789f91f410,35,1,55,80.09,mastercard
0983800e58ed2bf3e0368f8fa0b540170158e44b,97,19,37,207.09,jcb
c403b836ef8a90aa9d2eaa59e251124128b5dafe,60,17,15,247.75,americanexpress
fdd28afa4e5fdb3ab8c3942cec644076bc4cbce5,62,11,52,311.49,jcb
e9590d345cefa22b45f4e4d2bd7c9a9672eeccdb,17,25,17,324.89,visa-electron
b6f76597892d31ec576f52b246016609187dd321,77,13,51,483.85,mastercard
817d724443d4d529a195257d8b7312c1eda5118a,16,10,48,363.53,jcb
68e9c20c8e407ada616ba4ea53819eb5037b5796,54,21,74,440.06,jcb
b3f2b0c21d4d79a96ebb3cf0417ea76b479c0a05,95,10,45,98.96,solo
b33821243d840505639f5f3686caa0850935d131,21,21,2,334.65,diners-club-international
cb388efe761d6c503482cd26bb495e3b8c64116d,63,22,41,438.9,jcb
8c5a1d1604565f46c4d7a7aefba0b991677eac95,53,10,98,411.86,solo
f055535af438f660cdd6067cbecc1259a6762ccd,30,26,5,366.06,americanexpress
8a343e64df15a592d9ca826787fdd2ec89786dfb,68,11,42,285.01,diners-club-carte-blanche
74e2cf31684a929daa548da1cea105ba4783a977,5,29,33,436.69,jcb
a1421b260c6707a06cca41caf5698cc4546f0cc1,3,9,100,156.92,jcb
a5594a4b5e43d7b22c64fb7bf290e29fe250bc3c,94,5,10,443.52,jcb
3660d7386d5a8a0751051ae32ebd666bca7ea46d,60,17,8,288.5,mastercard
db75e2ae345c5657792410c8ed50e7c69fb57682,15,21,81,393.84,visa-electron
7808b393e24ea0ff5212f5843e2832da7cb4076c,89,29,29,487.99,americanexpress
5534d3ee3dfe7f1e8d73d5590f46bb26b69871fe,44,15,100,329.3,diners-club-enroute
4b23fca2b9eadc95ca54e98a44def2b89becbbda,71,14,88,443.47,visa-electron
393ac9fe3d390587f375325b19a6a28c89ada628,63,12,90,247.89,jcb
b5ee4aa0bd352e1e224087350e7cb06096283e5f,19,30,91,95.62,mastercard
8034a69ebdd69f706f117fa15dc294110bfde823,47,21,100,54.13,visa-electron
52ff84538589050d0a70cda7283f7ed281346ee8,75,20,72,191.17,visa-electron
89d777be83026704c1ca478528db395fb281deab,91,26,60,466.74,switch
1d1e39d9b9aef2576d613f8ce11cbb5455153aef,46,11,64,138.58,jcb
98dcb2aa59869de901496e5daad80512910f9a07,75,8,15,391.8,mastercard
0f448387c9abc12325848df657a4765926cf0803,25,6,31,74.93,visa-electron
67c35ccf4d514b690860e2736d716a1cc36ae141,21,4,31,249.2,americanexpress
703d2d84dc1b7cebbc7153c42c5150dd9d114930,76,21,84,74.29,diners-club-enroute
14a556357f4af0e03522ecc0b6c0a02d44ed2f82,11,22,98,443.68,bankcard
fa551ff758bffe6b25ca3296cf2eaaca857b9e2b,20,17,100,171.57,americanexpress
4d6da100856e7f83690ab1424921db0c56e659b2,96,8,25,436.22,americanexpress
8d49ffb121c96b76514afab9835971b212f7322f,35,3,93,459.88,jcb
765a06dc474f426da59f1ce8088a4a6be5e6266a,18,3,17,313.23,jcb
73cbb2cae6494bd9fa4ea2803582b8e863f19c61,82,25,35,413.4,maestro
8ca498e83dda54a8db2f128bb2397ceb6139d285,41,4,18,76.58,jcb
71be0af21eb2cbbcec4253c6d29cf9a6524f1054,43,26,34,448.33,jcb
46cdef6ab0083a6eb0f1cfa7cb079c7f32bb2312,70,24,85,182.09,americanexpress
1ff7eb716600f01066ff77ba27d13d7e82e80996,27,15,84,90.34,switch
efa767af1b41115f7fde6b09767725a57b597621,64,30,37,296.86,bankcard
351e25d37529e62c54978533c36d66ec6052198a,99,23,52,212.04,jcb
a97a2f05913df56d5735e48275b2c196f67a87a4,58,8,15,370.01,diners-club-carte-blanche
2e76dd4d07f5156a0d10b273ea2636ecdb5ca40a,79,25,11,176.65,jcb
2bb6e958b4b6769a67e405eaeb488c29b0d9d84c,27,25,71,144.29,americanexpress
2f5cc462ea0b8a76dcf6f01faf095a6eeece5ea4,35,23,52,236.26,mastercard
3be0926d40ccbaf44340b2508c20a363086c4c2c,43,5,59,413.8,americanexpress
3ed430b98b54fcfc86bc690e239495089a521810,29,2,35,274.2,china-unionpay
c6f30bb21c80eb864e16c156b1ddaa46220af4e0,81,19,53,56.53,diners-club-enroute
d454c29fea93e3d5d5ccf3a8852446cc20ac5434,98,25,63,437.95,jcb
21f5ca83c27cebdeb5d08806847120102ecdfaea,55,8,95,113.65,jcb
b2d27e5c582183306565c7613d6c417f7e1c2e14,80,19,35,392.75,jcb
a667e30760e3ed4ecc22a135daf04ca7f932035b,71,15,29,308.78,americanexpress
ea248a827664109be8c4b0644e9ef297326126b7,11,25,80,292.92,jcb
236c539130576dd6bc5b51a85da0361a4afe2548,93,11,7,477.95,diners-club-enroute
04fcd2259854d9ca109a54bb59430a0bbe5ad8c5,90,14,92,378.54,jcb
db8d7767d2babc4264d8f3b727d905e89f7f2662,35,15,2,214.86,switch
181d2cc29c322f1f4592ad98f156ea0383595db1,6,19,91,418.68,jcb
f50f8b5c5eab56369a4613c7c3ac6b92045b0cfd,62,8,11,463.43,maestro
5bd11ec8fc507d0de3116336a4f30cc82f3542b8,87,5,7,271.19,jcb
55ce58449eb25e2f4e63947ce199c15d244a80d2,2,21,94,337.49,switch
2599221c4eb2cfc6f1a37a7e1f94df01d5bee4fb,67,24,63,476.59,diners-club-enroute
dc5bd2450ae9f982632163e292516176eab6781d,49,28,99,142.95,jcb
0aaecfec92b0081409201e70325a041d13e09472,24,10,45,96.56,jcb
2fef41341a9361f21f2980cad9b39cf7b8bbeb73,82,22,6,244.58,mastercard
c83405b744bed3ad2130e7fe40dfff72eec715a3,72,29,12,485.94,mastercard
2ffb7ba3bdd5872f8137049cfc2ff34c226bb6f6,60,26,29,411.58,visa
9651155cfa4d03fbdd4d10105dc13804903741a5,30,19,62,219.17,instapayment
d2803cab5680ca246b942fc85706bb961aa8ac35,83,9,35,72.39,maestro
904339c8c749c7de211ed5644bcadb4569a5d02a,22,8,42,245.41,visa
6924367a7bb81ced5ae9e45de3e1abf052818813,13,21,9,99.76,china-unionpay
2b8c8bf52d9a79bbfbcdf64e281a5ee825ee3bc2,97,7,99,303.15,china-unionpay
f3779c69d90fb084db255e127b4e0e52e94a5b19,39,15,27,116.45,jcb
d8e62604b1618a0a244843c89c9a79123f752f4d,65,16,42,282.44,instapayment
db8109e5a9bf4b3d271abf3529d5ff943570c1de,10,26,42,161.66,jcb
8df889a62050e1ddf5f21e4915ba67e7cbf9fdc4,25,14,92,460.61,china-unionpay
71d4042b532549f6b846ca5515f08ede4fa84284,52,10,32,488.26,mastercard
5befde4955090055923e5c62ea3ccd1acfe5dec5,48,18,24,268.75,diners-club-carte-blanche
dea44132f510938a083fd32f755f46023e711c6e,70,2,40,121.13,visa
9b0bd1af1e6efa3b9b2ac9b54198a6db1d539400,3,28,96,173.43,jcb
79debaf9b779718ed56ac8e132e619c52413ccbd,1,16,3,455.93,switch
b4f9aba8afa208843489ba86e3c13ec73c3af0c7,21,20,33,405.42,mastercard
be0c9e7f38661a293dec2206bdf66f603247d161,22,12,27,169.13,mastercard
d83356d2d687405cdbfb34aa09a16bb29f4b9bf2,93,24,44,350.0,diners-club-us-ca
1b0e5456d8757bb041f3bdfd5a67c89052c22505,68,10,89,137.12,visa-electron
4a4546cd811a3ecda958feec66dbaf546f6f611d,50,18,99,484.64,americanexpress
1a0d991e62d11996fea760c139b14e0f75866f46,76,26,14,412.39,switch
316e28be26a72ac0b43529646f2d5fe89c298411,27,16,18,360.25,diners-club-carte-blanche
0451e4937a369581e422b0a6ec5dfc7a444cbfea,53,1,17,422.33,china-unionpay
1652919e644b06b4c3a54eb9a5299664a8e21b05,16,13,58,248.71,jcb
71435946005547e3375f384dafcd619cca21b9cf,34,22,91,390.47,jcb
9ef8249b72f254db48d31c194773b72b8c98f997,52,26,12,305.03,visa
b0c954344159b4e46b363d3c0782013183144817,2,9,80,342.65,diners-club-carte-blanche
0082583840d1b81ed9f4e51b692fc9e6f6af7491,65,11,89,141.12,bankcard
65c4670c0d032bca0e1f493b1b58bda51e2e7426,22,2,3,385.52,diners-club-carte-blanche
ac9cde5069b9235afb6a2b8cc2c35c0c9460f5ef,88,25,75,442.59,instapayment
045fb05b371df1fafef0be7764fa5ad72721f99a,29,25,12,86.74,jcb
c190407b67a8fd9a4d309710813346ae129e27fe,89,14,94,260.37,jcb
dfa97ea1a9646917613088b87b564bdaa0816dc1,6,22,57,464.23,instapayment
8abb84e155c733953e2c3eb870d3485288cdf2e5,71,24,99,424.49,jcb
ae0f7d47ed0d8f74bb08414110ed6479c0ae2351,93,25,16,205.64,diners-club-carte-blanche
477f3ef46d49506c4471564e0ca22d9d89735f57,42,21,11,88.33,jcb
e232d06b6e651fdcd60641ca72dbe9c3a2bb2129,30,20,32,91.52,visa-electron
7066ad9e941d2e9fc6b5d1e020840179644db751,60,29,96,364.36,bankcard
4c52ea83c01f47727db4a9d131a67df15e71acf7,82,8,79,381.78,visa-electron
8f0576582213bf32d436c2d041a3b65304733e22,75,19,53,57.65,bankcard
a11e823ba0ef6e82b9a1168d98bf1c4315158728,40,13,63,419.43,instapayment
868d960888ac0f732adaa6ab01f846b52c9ee6c2,31,24,89,330.39,switch
ba65561b7449903dbd830973f5c65fcb50c3a025,75,2,25,71.1,jcb
e0dacef55de4e3ac28efaeb810758f45cd89dd66,100,9,75,226.45,americanexpress
a7f014c2d69e143fe5c78ba9805c5dbcc93e8f5e,25,3,84,241.37,jcb
d532220d92eae71e6c1c6188c6c031b8b31c2973,65,2,80,100.21,jcb
fbd1d0e61ca8138e91a12334321f9935ed5c0490,37,29,26,69.43,diners-club-carte-blanche
c7b463e259f71c23cdf8b6636a12032808278e78,10,19,55,293.89,jcb
86c46c87d3cf22442efc710909b5db990c137d4e,44,29,77,458.56,jcb
f6eb95c6b2828a047af13a10dddeda4bfe8f6c08,21,12,99,108.4,jcb
b4d11c95807855e4423eec51e74574ea16bd2c33,86,25,90,105.74,jcb
76c188f6af78033e526b7eabf6be757790924fb1,66,12,98,76.11,jcb
315005d7b0877c011a77502caa05c5d8740fb6ab,37,6,94,105.36,jcb
b8fc4b2cc2f1d1fe748c2bd9bb53651d55a3b249,4,6,80,465.81,visa
b96e9cc204ddf267208675bfba24e8aea4f8fa01,87,17,98,360.39,maestro
6e1df13d4b59a5257983b4806b398dd035dc2f11,4,4,63,78.24,instapayment
4ebf0aae10ebc90fa82e63ebd358252128d7289e,44,6,14,230.4,jcb
63b59adac3dc793e6e2fce327af50ba9331111ac,86,5,62,234.6,jcb
9fe52877554dd7bff9bf979ccddf234fc5e21648,78,9,28,402.56,diners-club-enroute
1ebf9f1a1e372e4ef90d4a3afcfbade6043c4779,47,26,66,408.16,diners-club-enroute
39f3de18eae96054284eb51f6e9b9db954852750,39,5,7,288.42,visa-electron
71d52b371f9cc88760db4049570f039a4a5700b0,10,28,60,304.67,diners-club-us-ca
4f61c45a635466b9a30b296616ee5eddc10027a8,16,14,4,155.68,jcb
6a85f2caa4db13dfb3dcfdaa546b9a4ed2359dac,52,8,64,433.56,jcb
2cc0cee37c43697d538d6249642033fe67a235e3,60,3,90,181.02,visa
608fa7617adc51aa51421c33a5624cb03566ba56,39,4,89,57.91,jcb
df42986e51efcf2390d754ad13225d7d718cd3df,94,20,44,445.19,jcb
37634ffe95d74a38104b997a970dfca0b941704c,98,29,39,140.89,maestro
111f044725105f07be71690af14fc6a7cbf96fed,56,23,88,200.55,jcb
60154324c6d1cb3527c6b1bdec0d1075289e07fe,34,8,33,460.01,china-unionpay
0cdfe497425d30e4c719b81e94f5282503ff8557,19,2,85,265.4,bankcard
5dd35d9fde42c3b3fdc8c5983c1c5f74981c7ad7,86,21,63,146.51,bankcard
c5aa79d9f72aeb0c5db4025395a99f90e7ad6ce4,11,24,60,476.25,jcb
ac4401271f207f4bc546b20d488994341e31ca68,91,24,48,212.69,mastercard
8257140230dc5c4cde00135337c6d53f2e91c347,58,1,35,292.97,jcb
3348be09e0aa4776f80195034e5bb2a5679f1f23,71,18,38,57.8,switch
916acfd6708382f52e6c49ba8a180da253604499,95,3,83,495.28,jcb
5b39e6a34fd18a1af7fe7082c5e71a79f11ae2c5,98,18,10,471.2,jcb
7163384ac704abee7e6598665a3574c645e493c8,42,24,54,347.72,jcb
67e177ac9a57e73afd8311b8a6813d5f54496b6e,21,5,69,91.31,visa-electron
4b072ca868d3f15687e68d66fda5bb7aa78db922,98,17,90,425.05,jcb
1360d92529de3bb34c0f3942bd19a1d84f74bef7,34,17,57,429.07,jcb
0e94bc0ea032905b2edb8fbf5a24f650fd2246f3,62,17,41,67.85,china-unionpay
fa0f52e445ef6d018b4b9509c0dd6e604f2f021c,35,3,15,452.38,laser
4cfedd915d9e6883b88be6dabc609b94ec7a6ed5,97,3,66,378.11,bankcard
66cf2c161409782c628986ee3569c0d55546bd7b,39,17,22,492.88,jcb
2e79932afc2285ffe497d3ca89b9d1b8f9b98b3d,99,25,39,215.23,jcb
515bda412ace52c6a0146f94869d4813c61e8a72,63,15,93,97.97,diners-club-enroute
30c39181a6be4e0fec88651fd0aecd6871f45aa2,49,24,99,89.79,jcb
110e590e0ada282675ede6ba2a766dcac85d60e1,71,2,22,123.11,solo
17f85023116c38c4a4ae789510dde4cd904897cd,31,30,90,327.73,jcb
15c4f16740cb4e60e614693d2c5efc9a2b6aa238,91,17,18,443.3,diners-club-international
e6a186a5109b336a8bfbac7cfb1df6ac3decc6ce,55,28,31,499.35,diners-club-enroute
c288465e796d67761ea2154c9a58bf93997cdded,19,13,78,470.19,jcb
8dce213da16fc50150f1e60525033f12568a8c58,66,30,17,294.75,jcb
1f53a9c3ed6bcecf9e6cc26fa4aa5f51a557d945,74,21,77,394.81,jcb
3369393e95ddce5c89733c2ac90dbab95cacfc9c,22,1,88,239.49,americanexpress
455d31e417956abf7ee2d547b9db9965a3daa27d,63,20,68,159.4,jcb
42d4b6631b127af75ffca87b6e8549155a56d980,78,24,91,357.66,jcb
acc60d6a4e9dc4a2c687d9f0136aee26a71d3dfb,70,7,91,128.75,jcb
afd72048d4167f5c0f18c9bf7b1291df83d836ad,72,12,6,414.16,diners-club-enroute
32ea4fa8d95b3526852d2ee9f3340054d444484a,76,3,37,289.59,maestro
ff4dd5b070004cadc7cc064dc9e2e86b76cd7efb,29,23,63,322.54,diners-club-enroute
5dcb30df9ef86f529f61d78af6d2e4b6a22485d1,71,19,28,409.94,visa-electron
f09031020b45900a6a80978c18a09d5f970378bd,11,28,67,279.37,diners-club-carte-blanche
c1ce86c0bcb70cc85706a69db7c699c366ca8e67,69,4,38,478.94,jcb
87b5bff82ba97d3c4a0b5cf95f00cf2901da32f4,60,20,22,220.82,jcb
21b8a764dd1534b36dc7b829d1aa3be718fd7d55,58,15,74,399.33,china-unionpay
88a62bb96b63d503f90ff3e8984aafdfeaac04a5,45,15,55,367.0,instapayment
b3d54f22dc7acf02dd5c2b2ce40c3f8728457d9a,50,27,33,429.82,americanexpress
d7e911579f582b775947747cc94024018631059c,18,6,61,100.93,jcb
0d1c87d6fe0762e1e5bc3b6a5ad9f180a881abe6,48,28,54,437.67,jcb
996a4ee416800ba6a3a511cdc03df90605f6b157,93,16,90,66.08,americanexpress
c8bb33c0f573d8ec010eae353cbf1c8a82690cea,41,7,88,128.14,diners-club-enroute
c8c2ce86bd2de26a69967318d03979fc96d11bc1,83,18,71,109.39,jcb
dd0f16457c8e3cfcc27a30bf36361629082d7970,76,5,70,399.19,jcb
4b13a73a7b6739db37af8375b6a936c70f1ef1bc,99,8,91,186.38,jcb
aaf79e21e78934e87b69723d0620995bbc602202,11,18,55,269.8,laser
07b9ef0fc339dcbf2b03c126720b1b9c28570706,73,19,91,484.74,jcb
c28ae5ea4907db1128882f23b63ff45f6bdd01c1,47,29,27,230.09,mastercard
53be3ad66d81e0fbf9cc93e82fe3fe7e3d5b896c,96,30,20,489.52,maestro
72abc990c38347342cb3546e5cff3d54ec6e5495,80,28,9,203.74,jcb
29e41485233ca61403b3e5751eb1a3300ed9ab97,2,30,81,438.52,mastercard
6cbc21a0f07330790c2b877852c05a887c6499d9,14,16,22,189.82,jcb
20a7a12da2e12623125c93432808568594c741d0,79,21,29,364.58,jcb
a507534586d3a8638a7a7091d98bb69a68f4068f,53,16,21,126.73,mastercard
fd6ccf2b5e9e5fe6f22e1af5e8ab6d65757c95a0,33,28,96,215.22,jcb
42c31f1552ae5df3025a0e47c50b1e8e5b8e4661,45,11,14,168.03,visa
2ccbd0b7af6b7273ae34d7203ef90bbba8c9ecdc,39,19,59,168.02,americanexpress
